Terminaler brugt i grammatik

    qreadSYM
    qwriteSYM


Tilstand 64 konflikter: 1 skift/reducer
Tilstand 139 konflikter: 1 skift/reducer
Tilstand 488 konflikter: 1 skift/reducer


Grammatik

    0 $accept: a_comal_line $end

    1 a_comal_line: comal_line eolnSYM
    2             | error eolnSYM

    3 comal_line: intnumSYM program_line optrem
    4           | complex_stat optrem
    5           | simple_stat optrem
    6           | optrem

    7 optrem: remSYM
    8       | ε

    9 program_line: complex_stat
   10             | simple_stat
   11             | ε

   12 complex_stat: case_stat
   13             | data_stat
   14             | elif_stat
   15             | exit_stat
   16             | for_stat
   17             | func_stat
   18             | if_stat
   19             | proc_stat
   20             | until_stat
   21             | draw_stat
   22             | when_stat
   23             | while_stat
   24             | repeat_stat
   25             | label_stat
   26             | complex_1word

   27 simple_stat: close_stat
   28            | chdir_stat
   29            | cursor_stat
   30            | del_stat
   31            | dim_stat
   32            | dir_stat
   33            | local_stat
   34            | exec_stat
   35            | import_stat
   36            | input_stat
   37            | mkdir_stat
   38            | open_stat
   39            | os_stat
   40            | print_stat
   41            | read_stat
   42            | restore_stat
   43            | return_stat
   44            | rmdir_stat
   45            | sleep_stat
   46            | spawn_stat
   47            | wait_stat
   48            | select_out_stat
   49            | select_in_stat
   50            | stop_stat
   51            | sys_stat
   52            | play_stat
   53            | tone_stat
   54            | trap_stat
   55            | unit_stat
   56            | write_stat
   57            | xid
   58            | assign_stat
   59            | simple_1word

   60 complex_1word: elseSYM
   61              | endcaseSYM
   62              | endfuncSYM optid
   63              | endifSYM
   64              | loopSYM
   65              | endloopSYM
   66              | endprocSYM optid2
   67              | endwhileSYM
   68              | endforSYM optnumlvalue
   69              | otherwiseSYM
   70              | repeatSYM
   71              | trapSYM
   72              | handlerSYM
   73              | endtrapSYM

   74 simple_1word: nullSYM
   75             | endSYM
   76             | exitSYM
   77             | pageSYM
   78             | retrySYM

   79 case_stat: caseSYM exp optof

   80 close_stat: closeSYM
   81           | closeSYM optfileS exp_list

   82 cursor_stat: cursorSYM numexp commaSYM numexp

   83 chdir_stat: chdirSYM stringexp

   84 rmdir_stat: rmdirSYM stringexp

   85 mkdir_stat: mkdirSYM stringexp

   86 data_stat: dataSYM exp_list

   87 draw_stat: drawSYM exp_list

   88 tone_stat: toneSYM exp_list

   89 play_stat: playSYM exp_list

   90 sleep_stat: sleepSYM exp_list

   91 del_stat: delSYM stringexp

   92 dir_stat: dirSYM opt_stringexp

   93 unit_stat: unitSYM stringexp

   94 local_stat: localSYM local_list

   95 local_list: local_list commaSYM local_item
   96           | local_item

   97 local_item: numid opt_dim_ensions
   98           | stringidSYM
   99           | stringidSYM ofSYM numexp
  100           | stringidSYM dim_ensions of numexp
  101           | stringidSYM dim_ensions

  102 dim_stat: dimSYM dim_list

  103 dim_list: dim_list commaSYM dim_item
  104         | dim_item

  105 dim_item: numid dim_ensions
  106         | stringidSYM ofSYM numexp
  107         | stringidSYM dim_ensions of numexp
  108         | stringidSYM dim_ensions

  109 of: ofSYM
  110   | timesSYM

  111 opt_dim_ensions: dim_ensions
  112                | ε

  113 dim_ensions: lparenSYM dim_ension_list rparenSYM

  114 dim_ension_list: dim_ension_list commaSYM dim_ension
  115                | dim_ension

  116 dim_ension: numexp
  117           | numexp colonSYM numexp
  118           | numexp becminusSYM numexp

  119 elif_stat: elifSYM numexp optthen

  120 exit_stat: exitSYM ifwhen numexp

  121 ifwhen: ifSYM
  122       | whenSYM

  123 exec_stat: execSYM xid

  124 spawn_stat: spawnSYM xid
  125           | spawnSYM numexp colonSYM xid

  126 wait_stat: waitSYM
  127          | waitSYM numexp

  128 for_stat: forSYM numlvalue assign1 numexp todownto numexp optstep optdo optsimple_stat

  129 todownto: toSYM
  130         | downtoSYM

  131 optstep: stepSYM numexp
  132        | ε

  133 func_stat: funcSYM id procfunc_head optclosed opt_external

  134 if_stat: ifSYM numexp optthen optsimple_stat

  135 import_stat: importSYM id colonSYM import_list
  136            | importSYM import_list

  137 import_list: import_list commaSYM oneparm
  138            | oneparm

  139 input_stat: inputSYM input_modifier lval_list

  140 input_modifier: io_designator
  141               | stringSYM colonSYM
  142               | ε

  143 open_stat: openSYM fileSYM numexp commaSYM stringexp commaSYM open_type
  144          | openSYM queueSYM numexp commaSYM stringexp commaSYM queue_type

  145 open_type: readSYM
  146          | writeSYM
  147          | appendSYM
  148          | randomSYM numexp optread_only

  149 queue_type: readSYM
  150           | writeSYM

  151 os_stat: osSYM stringexp

  152 print_stat: printi
  153           | printi print_list optpr_sep
  154           | printi usingSYM stringexp colonSYM prnum_list optpr_sep
  155           | printi io_designator print_list

  156 printi: printSYM
  157       | semicolonSYM

  158 prnum_list: prnum_list pr_sep numexp
  159           | numexp

  160 print_list: print_list pr_sep exp
  161           | exp

  162 pr_sep: commaSYM
  163       | semicolonSYM

  164 optpr_sep: pr_sep
  165          | ε

  166 proc_stat: procSYM idSYM procfunc_head optclosed opt_external

  167 read_stat: readSYM optfile lval_list

  168 restore_stat: restoreSYM optid2

  169 return_stat: returnSYM optexp

  170 select_out_stat: select_outputSYM stringexp

  171 select_in_stat: select_inputSYM stringexp

  172 stop_stat: stopSYM optexp
  173          | stopSYM spawnSYM numexp

  174 sys_stat: sysSYM exp_list

  175 until_stat: untilSYM numexp

  176 trap_stat: trapSYM escSYM plusorminus

  177 plusorminus: plusSYM
  178            | minusSYM

  179 when_stat: whenSYM when_list

  180 when_list: when_numlist
  181          | when_strlist

  182 when_numlist: when_numlist commaSYM when_numitem
  183             | when_numitem

  184 when_numitem: relop numexp
  185             | numexp

  186 when_strlist: when_strlist commaSYM when_stritem
  187             | when_stritem

  188 when_stritem: relop stringexp
  189             | stringexp
  190             | inSYM stringexp

  191 relop: gtrSYM
  192      | lssSYM
  193      | eqlSYM
  194      | neqSYM
  195      | geqSYM
  196      | leqSYM

  197 while_stat: whileSYM numexp optdo optsimple_stat

  198 repeat_stat: repeatSYM simple_stat untilSYM numexp

  199 write_stat: writeSYM file_designator exp_list

  200 assign_stat: assign_list

  201 assign_list: assign_list semicolonSYM assign_item
  202            | assign_item

  203 assign_item: numlvalue nassign numexp
  204            | strlvalue sassign stringexp

  205 nassign: assign1
  206        | assign2

  207 sassign: assign1
  208        | becplusSYM

  209 assign1: eqlSYM
  210        | becomesSYM

  211 assign2: becplusSYM
  212        | becminusSYM

  213 label_stat: idSYM colonSYM

  214 xid: idSYM
  215    | idSYM lparenSYM exp_list rparenSYM
  216    | idSYM lparenSYM opt_commalist rparenSYM

  217 exp: numexp
  218    | stringexp

  219 numexp: numexp2

  220 numexp2: numexp2 eqlSYM numexp2
  221        | numexp2 neqSYM numexp2
  222        | numexp2 lssSYM numexp2
  223        | numexp2 gtrSYM numexp2
  224        | numexp2 leqSYM numexp2
  225        | numexp2 geqSYM numexp2
  226        | numexp2 andSYM numexp2
  227        | numexp2 andthenSYM numexp2
  228        | numexp2 orSYM numexp2
  229        | numexp2 orthenSYM numexp2
  230        | numexp2 eorSYM numexp2
  231        | numexp2 plusSYM numexp2
  232        | numexp2 minusSYM numexp2
  233        | numexp2 timesSYM numexp2
  234        | numexp2 divideSYM numexp2
  235        | numexp2 powerSYM numexp2
  236        | numexp2 divSYM numexp2
  237        | numexp2 modSYM numexp2
  238        | stringexp2 eqlSYM stringexp2
  239        | stringexp2 neqSYM stringexp2
  240        | stringexp2 lssSYM stringexp2
  241        | stringexp2 gtrSYM stringexp2
  242        | stringexp2 leqSYM stringexp2
  243        | stringexp2 geqSYM stringexp2
  244        | stringexp2 inSYM stringexp2
  245        | minusSYM numexp2
  246        | plusSYM numexp2
  247        | intnumSYM
  248        | floatnumSYM
  249        | numlvalue2
  250        | tsrnSYM lparenSYM stringexp2 rparenSYM
  251        | lenSYM lparenSYM stringexp2 rparenSYM
  252        | lenSYM lparenSYM numexp2 rparenSYM
  253        | tnrnSYM lparenSYM numexp2 rparenSYM
  254        | rndSYM
  255        | rndSYM lparenSYM numexp2 rparenSYM
  256        | rndSYM lparenSYM numexp2 commaSYM numexp2 rparenSYM
  257        | rnSYM
  258        | sysSYM lparenSYM exp_list rparenSYM
  259        | lparenSYM numexp2 rparenSYM

  260 stringexp: stringexp2

  261 stringexp2: stringexp2 plusSYM string_factor
  262           | string_factor
  263           | stringexp2 timesSYM numexp2

  264 opt_stringexp: stringexp
  265              | ε

  266 string_factor: strlvalue2
  267              | string_factor substr_spec
  268              | tnrsSYM lparenSYM numexp2 rparenSYM
  269              | tsrsSYM lparenSYM stringexp2 rparenSYM
  270              | rsSYM
  271              | tonrsSYM opt_arg
  272              | stringSYM
  273              | syssSYM lparenSYM exp_list rparenSYM
  274              | tsrsnSYM lparenSYM exp_list rparenSYM
  275              | lparenSYM stringexp2 rparenSYM

  276 opt_arg: lparenSYM numexp2 rparenSYM
  277        | ε

  278 substr_spec: lparenSYM substr_spec2 rparenSYM

  279 substr_spec2: numexp colonSYM numexp
  280             | colonSYM numexp
  281             | numexp colonSYM
  282             | colonSYM numexp colonSYM

  283 optnumlvalue: numlvalue
  284             | ε

  285 optexp: exp
  286       | ε

  287 optid: id
  288      | ε

  289 optid2: idSYM
  290       | ε

  291 optfile: file_designator
  292        | ε

  293 optfileS: fileSYM
  294         | queueSYM
  295         | ε

  296 lval_list: lval_list commaSYM lvalue
  297          | lvalue

  298 lvalue: numlvalue
  299       | strlvalue

  300 numlvalue: numlvalue2

  301 numlvalue2: xid
  302           | intidSYM
  303           | intidSYM lparenSYM exp_list rparenSYM
  304           | intidSYM lparenSYM opt_commalist rparenSYM

  305 strlvalue: strlvalue2

  306 strlvalue2: stringidSYM
  307           | stringidSYM lparenSYM exp_list rparenSYM
  308           | stringidSYM substr_spec
  309           | stringidSYM lparenSYM exp_list rparenSYM substr_spec
  310           | stringidSYM lparenSYM opt_commalist rparenSYM

  311 file_designator: fileSYM numexp colonSYM
  312                | fileSYM numexp commaSYM numexp colonSYM

  313 io_designator: fileSYM numexp colonSYM
  314              | fileSYM numexp commaSYM numexp colonSYM
  315              | queueSYM numexp colonSYM
  316              | queueSYM numexp commaSYM numexp colonSYM

  317 opt_external: externalSYM stringexp
  318             | dynamicSYM externalSYM stringexp
  319             | staticSYM externalSYM stringexp
  320             | ε

  321 procfunc_head: lparenSYM parmlist rparenSYM
  322              | ε

  323 parmlist: parmlist commaSYM parmitem
  324         | parmitem

  325 parmitem: oneparm
  326         | refSYM oneparm
  327         | nameSYM id
  328         | procSYM idSYM
  329         | funcSYM id

  330 oneparm: id
  331        | id lparenSYM opt_commalist rparenSYM

  332 id: numid
  333   | stringidSYM

  334 numid: idSYM
  335      | intidSYM

  336 opt_commalist: opt_commalist commaSYM
  337              | ε

  338 exp_list: exp_list commaSYM exp
  339         | exp

  340 optsimple_stat: simple_stat
  341               | ε

  342 optof: ofSYM
  343      | ε

  344 optdo: doSYM
  345      | ε

  346 optthen: thenSYM
  347        | ε

  348 optread_only: read_onlySYM
  349             | ε

  350 optclosed: closedSYM
  351          | ε


Terminaler, med regler hvor de forekommer

    $end (0) 0
    error (256) 2
    andSYM (258) 226
    andthenSYM (259) 227
    appendSYM (260) 147
    becomesSYM (261) 210
    becplusSYM (262) 208 211
    becminusSYM (263) 118 212
    caseSYM (264) 79
    chdirSYM (265) 83
    closedSYM (266) 350
    closeSYM (267) 80 81
    colonSYM (268) 117 125 135 141 154 213 279 280 281 282 311 312 313 314 315 316
    commaSYM (269) 82 95 103 114 137 143 144 162 182 186 256 296 312 314 316 323 336 338
    cursorSYM (270) 82
    dataSYM (271) 86
    delSYM (272) 91
    dimSYM (273) 102
    dirSYM (274) 92
    drawSYM (275) 87
    playSYM (276) 89
    toneSYM (277) 88
    sleepSYM (278) 90
    divideSYM (279) 234
    divSYM (280) 236
    doSYM (281) 344
    downtoSYM (282) 130
    dynamicSYM (283) 318
    elifSYM (284) 119
    elseSYM (285) 60
    endcaseSYM (286) 61
    endforSYM (287) 68
    endfuncSYM (288) 62
    endifSYM (289) 63
    endloopSYM (290) 65
    endprocSYM (291) 66
    endSYM (292) 75
    endtrapSYM (293) 73
    endwhileSYM (294) 67
    eolnSYM (295) 1 2
    eorSYM (296) 230
    eqlSYM (297) 193 209 220 238
    escSYM (298) 176
    execSYM (299) 123
    exitSYM (300) 76 120
    externalSYM (301) 317 318 319
    fileSYM (302) 143 293 311 312 313 314
    queueSYM (303) 144 294 315 316
    forSYM (304) 128
    funcSYM (305) 133 329
    geqSYM (306) 195 225 243
    gtrSYM (307) 191 223 241
    handlerSYM (308) 72
    ifSYM (309) 121 134
    importSYM (310) 135 136
    inputSYM (311) 139
    inSYM (312) 190 244
    leqSYM (313) 196 224 242
    localSYM (314) 94
    loopSYM (315) 64
    lparenSYM (316) 113 215 216 250 251 252 253 255 256 258 259 268 269 273 274 275 276 278 303 304 307 309 310 321 331
    lssSYM (317) 192 222 240
    minusSYM (318) 178 232 245
    mkdirSYM (319) 85
    modSYM (320) 237
    nameSYM (321) 327
    neqSYM (322) 194 221 239
    nullSYM (323) 74
    ofSYM (324) 99 106 109 342
    openSYM (325) 143 144
    orSYM (326) 228
    orthenSYM (327) 229
    osSYM (328) 151
    otherwiseSYM (329) 69
    pageSYM (330) 77
    plusSYM (331) 177 231 246 261
    powerSYM (332) 235
    printSYM (333) 156
    procSYM (334) 166 328
    randomSYM (335) 148
    readSYM (336) 145 149 167
    read_onlySYM (337) 348
    refSYM (338) 326
    repeatSYM (339) 70 198
    restoreSYM (340) 168
    retrySYM (341) 78
    returnSYM (342) 169
    rmdirSYM (343) 84
    rndSYM (344) 254 255 256
    rparenSYM (345) 113 215 216 250 251 252 253 255 256 258 259 268 269 273 274 275 276 278 303 304 307 309 310 321 331
    select_inputSYM (346) 171
    select_outputSYM (347) 170
    semicolonSYM (348) 157 163 201
    staticSYM (349) 319
    stepSYM (350) 131
    stopSYM (351) 172 173
    spawnSYM (352) 124 125 173
    waitSYM (353) 126 127
    sysSYM (354) 174 258
    syssSYM (355) 273
    thenSYM (356) 346
    timesSYM (357) 110 233 263
    toSYM (358) 129
    trapSYM (359) 71 176
    unitSYM (360) 93
    untilSYM (361) 175 198
    usingSYM (362) 154
    whenSYM (363) 122 179
    whileSYM (364) 197
    writeSYM (365) 146 150 199
    qreadSYM (366)
    qwriteSYM (367)
    rnSYM <inum> (368) 257
    rsSYM <inum> (369) 270
    tnrnSYM <inum> (370) 253
    tnrsSYM <inum> (371) 268
    tsrnSYM <inum> (372) 250
    tonrsSYM <inum> (373) 271
    tsrsSYM <inum> (374) 269
    tsrsnSYM <inum> (375) 274
    lenSYM <inum> (376) 251 252
    floatnumSYM <dubbel> (377) 248
    idSYM <id> (378) 166 213 214 215 216 289 328 334
    intidSYM <id> (379) 302 303 304 335
    stringidSYM <id> (380) 98 99 100 101 106 107 108 306 307 308 309 310 333
    intnumSYM <num> (381) 3 247
    remSYM <str> (382) 7
    stringSYM <str> (383) 141 272
    USIGN (384)


Ikketerminaler, med regler hvor de forekommer

    $accept (130)
        til venstre: 0
    a_comal_line (131)
        til venstre: 1 2
        til højre: 0
    comal_line <pcl_modern> (132)
        til venstre: 3 4 5 6
        til højre: 1
    optrem <str> (133)
        til venstre: 7 8
        til højre: 3 4 5 6
    program_line <pcl_modern> (134)
        til venstre: 9 10 11
        til højre: 3
    complex_stat <pcl_modern> (135)
        til venstre: 12 13 14 15 16 17 18 19 20 21 22 23 24 25 26
        til højre: 4 9
    simple_stat <pcl_modern> (136)
        til venstre: 27 28 29 30 31 32 33 34 35 36 37 38 39 40 41 42 43 44 45 46 47 48 49 50 51 52 53 54 55 56 57 58 59
        til højre: 5 10 198 340
    complex_1word <pcl_modern> (137)
        til venstre: 60 61 62 63 64 65 66 67 68 69 70 71 72 73
        til højre: 26
    simple_1word <pcl_modern> (138)
        til venstre: 74 75 76 77 78
        til højre: 59
    case_stat <pcl_modern> (139)
        til venstre: 79
        til højre: 12
    close_stat <pcl_modern> (140)
        til venstre: 80 81
        til højre: 27
    cursor_stat <pcl_modern> (141)
        til venstre: 82
        til højre: 29
    chdir_stat <pcl_modern> (142)
        til venstre: 83
        til højre: 28
    rmdir_stat <pcl_modern> (143)
        til venstre: 84
        til højre: 44
    mkdir_stat <pcl_modern> (144)
        til venstre: 85
        til højre: 37
    data_stat <pcl_modern> (145)
        til venstre: 86
        til højre: 13
    draw_stat <pcl_modern> (146)
        til venstre: 87
        til højre: 21
    tone_stat <pcl_modern> (147)
        til venstre: 88
        til højre: 53
    play_stat <pcl_modern> (148)
        til venstre: 89
        til højre: 52
    sleep_stat <pcl_modern> (149)
        til venstre: 90
        til højre: 45
    del_stat <pcl_modern> (150)
        til venstre: 91
        til højre: 30
    dir_stat <pcl_modern> (151)
        til venstre: 92
        til højre: 32
    unit_stat <pcl_modern> (152)
        til venstre: 93
        til højre: 55
    local_stat <pcl_modern> (153)
        til venstre: 94
        til højre: 33
    local_list <dimptr> (154)
        til venstre: 95 96
        til højre: 94 95
    local_item <dimptr> (155)
        til venstre: 97 98 99 100 101
        til højre: 95 96
    dim_stat <pcl_modern> (156)
        til venstre: 102
        til højre: 31
    dim_list <dimptr> (157)
        til venstre: 103 104
        til højre: 102 103
    dim_item <dimptr> (158)
        til venstre: 105 106 107 108
        til højre: 103 104
    of (159)
        til venstre: 109 110
        til højre: 100 107
    opt_dim_ensions <dimensionptr> (160)
        til venstre: 111 112
        til højre: 97
    dim_ensions <dimensionptr> (161)
        til venstre: 113
        til højre: 100 101 105 107 108 111
    dim_ension_list <dimensionptr> (162)
        til venstre: 114 115
        til højre: 113 114
    dim_ension <dimensionptr> (163)
        til venstre: 116 117 118
        til højre: 114 115
    elif_stat <pcl_modern> (164)
        til venstre: 119
        til højre: 14
    exit_stat <pcl_modern> (165)
        til venstre: 120
        til højre: 15
    ifwhen (166)
        til venstre: 121 122
        til højre: 120
    exec_stat <pcl_modern> (167)
        til venstre: 123
        til højre: 34
    spawn_stat <pcl_modern> (168)
        til venstre: 124 125
        til højre: 46
    wait_stat <pcl_modern> (169)
        til venstre: 126 127
        til højre: 47
    for_stat <pcl_modern> (170)
        til venstre: 128
        til højre: 16
    todownto <inum> (171)
        til venstre: 129 130
        til højre: 128
    optstep <exp> (172)
        til venstre: 131 132
        til højre: 128
    func_stat <pcl_modern> (173)
        til venstre: 133
        til højre: 17
    if_stat <pcl_modern> (174)
        til venstre: 134
        til højre: 18
    import_stat <pcl_modern> (175)
        til venstre: 135 136
        til højre: 35
    import_list <importptr> (176)
        til venstre: 137 138
        til højre: 135 136 137
    input_stat <pcl_modern> (177)
        til venstre: 139
        til højre: 36
    input_modifier <imod> (178)
        til venstre: 140 141 142
        til højre: 139
    open_stat <pcl_modern> (179)
        til venstre: 143 144
        til højre: 38
    open_type <openrec> (180)
        til venstre: 145 146 147 148
        til højre: 143
    queue_type <openrec> (181)
        til venstre: 149 150
        til højre: 144
    os_stat <pcl_modern> (182)
        til venstre: 151
        til højre: 39
    print_stat <pcl_modern> (183)
        til venstre: 152 153 154 155
        til højre: 40
    printi (184)
        til venstre: 156 157
        til højre: 152 153 154 155
    prnum_list <printptr> (185)
        til venstre: 158 159
        til højre: 154 158
    print_list <printptr> (186)
        til venstre: 160 161
        til højre: 153 155 160
    pr_sep <inum> (187)
        til venstre: 162 163
        til højre: 158 160 164
    optpr_sep <inum> (188)
        til venstre: 164 165
        til højre: 153 154
    proc_stat <pcl_modern> (189)
        til venstre: 166
        til højre: 19
    read_stat <pcl_modern> (190)
        til venstre: 167
        til højre: 41
    restore_stat <pcl_modern> (191)
        til venstre: 168
        til højre: 42
    return_stat <pcl_modern> (192)
        til venstre: 169
        til højre: 43
    select_out_stat <pcl_modern> (193)
        til venstre: 170
        til højre: 48
    select_in_stat <pcl_modern> (194)
        til venstre: 171
        til højre: 49
    stop_stat <pcl_modern> (195)
        til venstre: 172 173
        til højre: 50
    sys_stat <pcl_modern> (196)
        til venstre: 174
        til højre: 51
    until_stat <pcl_modern> (197)
        til venstre: 175
        til højre: 20
    trap_stat <pcl_modern> (198)
        til venstre: 176
        til højre: 54
    plusorminus <inum> (199)
        til venstre: 177 178
        til højre: 176
    when_stat <pcl_modern> (200)
        til venstre: 179
        til højre: 22
    when_list <whenptr> (201)
        til venstre: 180 181
        til højre: 179
    when_numlist <whenptr> (202)
        til venstre: 182 183
        til højre: 180 182
    when_numitem <whenptr> (203)
        til venstre: 184 185
        til højre: 182 183
    when_strlist <whenptr> (204)
        til venstre: 186 187
        til højre: 181 186
    when_stritem <whenptr> (205)
        til venstre: 188 189 190
        til højre: 186 187
    relop <inum> (206)
        til venstre: 191 192 193 194 195 196
        til højre: 184 188
    while_stat <pcl_modern> (207)
        til venstre: 197
        til højre: 23
    repeat_stat <pcl_modern> (208)
        til venstre: 198
        til højre: 24
    write_stat <pcl_modern> (209)
        til venstre: 199
        til højre: 56
    assign_stat <pcl_modern> (210)
        til venstre: 200
        til højre: 58
    assign_list <assignptr> (211)
        til venstre: 201 202
        til højre: 200 201
    assign_item <assignptr> (212)
        til venstre: 203 204
        til højre: 201 202
    nassign <inum> (213)
        til venstre: 205 206
        til højre: 203
    sassign <inum> (214)
        til venstre: 207 208
        til højre: 204
    assign1 <inum> (215)
        til venstre: 209 210
        til højre: 128 205 207
    assign2 <inum> (216)
        til venstre: 211 212
        til højre: 206
    label_stat <pcl_modern> (217)
        til venstre: 213
        til højre: 25
    xid <exp> (218)
        til venstre: 214 215 216
        til højre: 57 123 124 125 301
    exp <exp> (219)
        til venstre: 217 218
        til højre: 79 160 161 285 338 339
    numexp <exp> (220)
        til venstre: 219
        til højre: 82 99 100 106 107 116 117 118 119 120 125 127 128 131 134 143 144 148 158 159 173 175 184 185 197 198 203 217 279 280 281 282 311 312 313 314 315 316
    numexp2 <exp> (221)
        til venstre: 220 221 222 223 224 225 226 227 228 229 230 231 232 233 234 235 236 237 238 239 240 241 242 243 244 245 246 247 248 249 250 251 252 253 254 255 256 257 258 259
        til højre: 219 220 221 222 223 224 225 226 227 228 229 230 231 232 233 234 235 236 237 245 246 252 253 255 256 259 263 268 276
    stringexp <exp> (222)
        til venstre: 260
        til højre: 83 84 85 91 93 143 144 151 154 170 171 188 189 190 204 218 264 317 318 319
    stringexp2 <exp> (223)
        til venstre: 261 262 263
        til højre: 238 239 240 241 242 243 244 250 251 260 261 263 269 275
    opt_stringexp <exp> (224)
        til venstre: 264 265
        til højre: 92
    string_factor <exp> (225)
        til venstre: 266 267 268 269 270 271 272 273 274 275
        til højre: 261 262 267
    opt_arg <exp> (226)
        til venstre: 276 277
        til højre: 271
    substr_spec <twoexp> (227)
        til venstre: 278
        til højre: 267 308 309
    substr_spec2 <twoexp> (228)
        til venstre: 279 280 281 282
        til højre: 278
    optnumlvalue <exp> (229)
        til venstre: 283 284
        til højre: 68
    optexp <exp> (230)
        til venstre: 285 286
        til højre: 169 172
    optid <id> (231)
        til venstre: 287 288
        til højre: 62
    optid2 <id> (232)
        til venstre: 289 290
        til højre: 66 168
    optfile <twoexpp> (233)
        til venstre: 291 292
        til højre: 167
    optfileS (234)
        til venstre: 293 294 295
        til højre: 81
    lval_list <expptr> (235)
        til venstre: 296 297
        til højre: 139 167 296
    lvalue <exp> (236)
        til venstre: 298 299
        til højre: 296 297
    numlvalue <exp> (237)
        til venstre: 300
        til højre: 128 203 283 298
    numlvalue2 <exp> (238)
        til venstre: 301 302 303 304
        til højre: 249 300
    strlvalue <exp> (239)
        til venstre: 305
        til højre: 204 299
    strlvalue2 <exp> (240)
        til venstre: 306 307 308 309 310
        til højre: 266 305
    file_designator <twoexp> (241)
        til venstre: 311 312
        til højre: 199 291
    io_designator <twoexp> (242)
        til venstre: 313 314 315 316
        til højre: 140 155
    opt_external <extptr> (243)
        til venstre: 317 318 319 320
        til højre: 133 166
    procfunc_head <parmptr> (244)
        til venstre: 321 322
        til højre: 133 166
    parmlist <parmptr> (245)
        til venstre: 323 324
        til højre: 321 323
    parmitem <parmptr> (246)
        til venstre: 325 326 327 328 329
        til højre: 323 324
    oneparm <oneparm> (247)
        til venstre: 330 331
        til højre: 137 138 325 326
    id <id> (248)
        til venstre: 332 333
        til højre: 133 135 287 327 329 330 331
    numid <id> (249)
        til venstre: 334 335
        til højre: 97 105 332
    opt_commalist (250)
        til venstre: 336 337
        til højre: 216 304 310 331 336
    exp_list <expptr> (251)
        til venstre: 338 339
        til højre: 81 86 87 88 89 90 174 199 215 258 273 274 303 307 309 338
    optsimple_stat <pcl_modern> (252)
        til venstre: 340 341
        til højre: 128 134 197
    optof (253)
        til venstre: 342 343
        til højre: 79
    optdo (254)
        til venstre: 344 345
        til højre: 128 197
    optthen (255)
        til venstre: 346 347
        til højre: 119 134
    optread_only <inum> (256)
        til venstre: 348 349
        til højre: 148
    optclosed <inum> (257)
        til venstre: 350 351
        til højre: 133 166


Tilstand 0

    0 $accept: • a_comal_line $end

    error             skift, og gå til tilstand 1
    caseSYM           skift, og gå til tilstand 2
    chdirSYM          skift, og gå til tilstand 3
    closeSYM          skift, og gå til tilstand 4
    cursorSYM         skift, og gå til tilstand 5
    dataSYM           skift, og gå til tilstand 6
    delSYM            skift, og gå til tilstand 7
    dimSYM            skift, og gå til tilstand 8
    dirSYM            skift, og gå til tilstand 9
    drawSYM           skift, og gå til tilstand 10
    playSYM           skift, og gå til tilstand 11
    toneSYM           skift, og gå til tilstand 12
    sleepSYM          skift, og gå til tilstand 13
    elifSYM           skift, og gå til tilstand 14
    elseSYM           skift, og gå til tilstand 15
    endcaseSYM        skift, og gå til tilstand 16
    endforSYM         skift, og gå til tilstand 17
    endfuncSYM        skift, og gå til tilstand 18
    endifSYM          skift, og gå til tilstand 19
    endloopSYM        skift, og gå til tilstand 20
    endprocSYM        skift, og gå til tilstand 21
    endSYM            skift, og gå til tilstand 22
    endtrapSYM        skift, og gå til tilstand 23
    endwhileSYM       skift, og gå til tilstand 24
    execSYM           skift, og gå til tilstand 25
    exitSYM           skift, og gå til tilstand 26
    forSYM            skift, og gå til tilstand 27
    funcSYM           skift, og gå til tilstand 28
    handlerSYM        skift, og gå til tilstand 29
    ifSYM             skift, og gå til tilstand 30
    importSYM         skift, og gå til tilstand 31
    inputSYM          skift, og gå til tilstand 32
    localSYM          skift, og gå til tilstand 33
    loopSYM           skift, og gå til tilstand 34
    mkdirSYM          skift, og gå til tilstand 35
    nullSYM           skift, og gå til tilstand 36
    openSYM           skift, og gå til tilstand 37
    osSYM             skift, og gå til tilstand 38
    otherwiseSYM      skift, og gå til tilstand 39
    pageSYM           skift, og gå til tilstand 40
    printSYM          skift, og gå til tilstand 41
    procSYM           skift, og gå til tilstand 42
    readSYM           skift, og gå til tilstand 43
    repeatSYM         skift, og gå til tilstand 44
    restoreSYM        skift, og gå til tilstand 45
    retrySYM          skift, og gå til tilstand 46
    returnSYM         skift, og gå til tilstand 47
    rmdirSYM          skift, og gå til tilstand 48
    select_inputSYM   skift, og gå til tilstand 49
    select_outputSYM  skift, og gå til tilstand 50
    semicolonSYM      skift, og gå til tilstand 51
    stopSYM           skift, og gå til tilstand 52
    spawnSYM          skift, og gå til tilstand 53
    waitSYM           skift, og gå til tilstand 54
    sysSYM            skift, og gå til tilstand 55
    trapSYM           skift, og gå til tilstand 56
    unitSYM           skift, og gå til tilstand 57
    untilSYM          skift, og gå til tilstand 58
    whenSYM           skift, og gå til tilstand 59
    whileSYM          skift, og gå til tilstand 60
    writeSYM          skift, og gå til tilstand 61
    idSYM             skift, og gå til tilstand 62
    intidSYM          skift, og gå til tilstand 63
    stringidSYM       skift, og gå til tilstand 64
    intnumSYM         skift, og gå til tilstand 65
    remSYM            skift, og gå til tilstand 66

    eolnSYM  reducer med regel 8 (optrem)

    a_comal_line     gå til tilstand 67
    comal_line       gå til tilstand 68
    optrem           gå til tilstand 69
    complex_stat     gå til tilstand 70
    simple_stat      gå til tilstand 71
    complex_1word    gå til tilstand 72
    simple_1word     gå til tilstand 73
    case_stat        gå til tilstand 74
    close_stat       gå til tilstand 75
    cursor_stat      gå til tilstand 76
    chdir_stat       gå til tilstand 77
    rmdir_stat       gå til tilstand 78
    mkdir_stat       gå til tilstand 79
    data_stat        gå til tilstand 80
    draw_stat        gå til tilstand 81
    tone_stat        gå til tilstand 82
    play_stat        gå til tilstand 83
    sleep_stat       gå til tilstand 84
    del_stat         gå til tilstand 85
    dir_stat         gå til tilstand 86
    unit_stat        gå til tilstand 87
    local_stat       gå til tilstand 88
    dim_stat         gå til tilstand 89
    elif_stat        gå til tilstand 90
    exit_stat        gå til tilstand 91
    exec_stat        gå til tilstand 92
    spawn_stat       gå til tilstand 93
    wait_stat        gå til tilstand 94
    for_stat         gå til tilstand 95
    func_stat        gå til tilstand 96
    if_stat          gå til tilstand 97
    import_stat      gå til tilstand 98
    input_stat       gå til tilstand 99
    open_stat        gå til tilstand 100
    os_stat          gå til tilstand 101
    print_stat       gå til tilstand 102
    printi           gå til tilstand 103
    proc_stat        gå til tilstand 104
    read_stat        gå til tilstand 105
    restore_stat     gå til tilstand 106
    return_stat      gå til tilstand 107
    select_out_stat  gå til tilstand 108
    select_in_stat   gå til tilstand 109
    stop_stat        gå til tilstand 110
    sys_stat         gå til tilstand 111
    until_stat       gå til tilstand 112
    trap_stat        gå til tilstand 113
    when_stat        gå til tilstand 114
    while_stat       gå til tilstand 115
    repeat_stat      gå til tilstand 116
    write_stat       gå til tilstand 117
    assign_stat      gå til tilstand 118
    assign_list      gå til tilstand 119
    assign_item      gå til tilstand 120
    label_stat       gå til tilstand 121
    xid              gå til tilstand 122
    numlvalue        gå til tilstand 123
    numlvalue2       gå til tilstand 124
    strlvalue        gå til tilstand 125
    strlvalue2       gå til tilstand 126


Tilstand 1

    2 a_comal_line: error • eolnSYM

    eolnSYM  skift, og gå til tilstand 127


Tilstand 2

   79 case_stat: caseSYM • exp optof

    lparenSYM    skift, og gå til tilstand 128
    minusSYM     skift, og gå til tilstand 129
    plusSYM      skift, og gå til tilstand 130
    rndSYM       skift, og gå til tilstand 131
    sysSYM       skift, og gå til tilstand 132
    syssSYM      skift, og gå til tilstand 133
    rnSYM        skift, og gå til tilstand 134
    rsSYM        skift, og gå til tilstand 135
    tnrnSYM      skift, og gå til tilstand 136
    tnrsSYM      skift, og gå til tilstand 137
    tsrnSYM      skift, og gå til tilstand 138
    tonrsSYM     skift, og gå til tilstand 139
    tsrsSYM      skift, og gå til tilstand 140
    tsrsnSYM     skift, og gå til tilstand 141
    lenSYM       skift, og gå til tilstand 142
    floatnumSYM  skift, og gå til tilstand 143
    idSYM        skift, og gå til tilstand 144
    intidSYM     skift, og gå til tilstand 63
    stringidSYM  skift, og gå til tilstand 64
    intnumSYM    skift, og gå til tilstand 145
    stringSYM    skift, og gå til tilstand 146

    xid            gå til tilstand 147
    exp            gå til tilstand 148
    numexp         gå til tilstand 149
    numexp2        gå til tilstand 150
    stringexp      gå til tilstand 151
    stringexp2     gå til tilstand 152
    string_factor  gå til tilstand 153
    numlvalue2     gå til tilstand 154
    strlvalue2     gå til tilstand 155


Tilstand 3

   83 chdir_stat: chdirSYM • stringexp

    lparenSYM    skift, og gå til tilstand 156
    syssSYM      skift, og gå til tilstand 133
    rsSYM        skift, og gå til tilstand 135
    tnrsSYM      skift, og gå til tilstand 137
    tonrsSYM     skift, og gå til tilstand 139
    tsrsSYM      skift, og gå til tilstand 140
    tsrsnSYM     skift, og gå til tilstand 141
    stringidSYM  skift, og gå til tilstand 64
    stringSYM    skift, og gå til tilstand 146

    stringexp      gå til tilstand 157
    stringexp2     gå til tilstand 158
    string_factor  gå til tilstand 153
    strlvalue2     gå til tilstand 155


Tilstand 4

   80 close_stat: closeSYM •
   81           | closeSYM • optfileS exp_list

    fileSYM   skift, og gå til tilstand 159
    queueSYM  skift, og gå til tilstand 160

    eolnSYM   reducer med regel 80 (close_stat)
    untilSYM  reducer med regel 80 (close_stat)
    remSYM    reducer med regel 80 (close_stat)
    $default  reducer med regel 295 (optfileS)

    optfileS  gå til tilstand 161


Tilstand 5

   82 cursor_stat: cursorSYM • numexp commaSYM numexp

    lparenSYM    skift, og gå til tilstand 128
    minusSYM     skift, og gå til tilstand 129
    plusSYM      skift, og gå til tilstand 130
    rndSYM       skift, og gå til tilstand 131
    sysSYM       skift, og gå til tilstand 132
    syssSYM      skift, og gå til tilstand 133
    rnSYM        skift, og gå til tilstand 134
    rsSYM        skift, og gå til tilstand 135
    tnrnSYM      skift, og gå til tilstand 136
    tnrsSYM      skift, og gå til tilstand 137
    tsrnSYM      skift, og gå til tilstand 138
    tonrsSYM     skift, og gå til tilstand 139
    tsrsSYM      skift, og gå til tilstand 140
    tsrsnSYM     skift, og gå til tilstand 141
    lenSYM       skift, og gå til tilstand 142
    floatnumSYM  skift, og gå til tilstand 143
    idSYM        skift, og gå til tilstand 144
    intidSYM     skift, og gå til tilstand 63
    stringidSYM  skift, og gå til tilstand 64
    intnumSYM    skift, og gå til tilstand 145
    stringSYM    skift, og gå til tilstand 146

    xid            gå til tilstand 147
    numexp         gå til tilstand 162
    numexp2        gå til tilstand 150
    stringexp2     gå til tilstand 163
    string_factor  gå til tilstand 153
    numlvalue2     gå til tilstand 154
    strlvalue2     gå til tilstand 155


Tilstand 6

   86 data_stat: dataSYM • exp_list

    lparenSYM    skift, og gå til tilstand 128
    minusSYM     skift, og gå til tilstand 129
    plusSYM      skift, og gå til tilstand 130
    rndSYM       skift, og gå til tilstand 131
    sysSYM       skift, og gå til tilstand 132
    syssSYM      skift, og gå til tilstand 133
    rnSYM        skift, og gå til tilstand 134
    rsSYM        skift, og gå til tilstand 135
    tnrnSYM      skift, og gå til tilstand 136
    tnrsSYM      skift, og gå til tilstand 137
    tsrnSYM      skift, og gå til tilstand 138
    tonrsSYM     skift, og gå til tilstand 139
    tsrsSYM      skift, og gå til tilstand 140
    tsrsnSYM     skift, og gå til tilstand 141
    lenSYM       skift, og gå til tilstand 142
    floatnumSYM  skift, og gå til tilstand 143
    idSYM        skift, og gå til tilstand 144
    intidSYM     skift, og gå til tilstand 63
    stringidSYM  skift, og gå til tilstand 64
    intnumSYM    skift, og gå til tilstand 145
    stringSYM    skift, og gå til tilstand 146

    xid            gå til tilstand 147
    exp            gå til tilstand 164
    numexp         gå til tilstand 149
    numexp2        gå til tilstand 150
    stringexp      gå til tilstand 151
    stringexp2     gå til tilstand 152
    string_factor  gå til tilstand 153
    numlvalue2     gå til tilstand 154
    strlvalue2     gå til tilstand 155
    exp_list       gå til tilstand 165


Tilstand 7

   91 del_stat: delSYM • stringexp

    lparenSYM    skift, og gå til tilstand 156
    syssSYM      skift, og gå til tilstand 133
    rsSYM        skift, og gå til tilstand 135
    tnrsSYM      skift, og gå til tilstand 137
    tonrsSYM     skift, og gå til tilstand 139
    tsrsSYM      skift, og gå til tilstand 140
    tsrsnSYM     skift, og gå til tilstand 141
    stringidSYM  skift, og gå til tilstand 64
    stringSYM    skift, og gå til tilstand 146

    stringexp      gå til tilstand 166
    stringexp2     gå til tilstand 158
    string_factor  gå til tilstand 153
    strlvalue2     gå til tilstand 155


Tilstand 8

  102 dim_stat: dimSYM • dim_list

    idSYM        skift, og gå til tilstand 167
    intidSYM     skift, og gå til tilstand 168
    stringidSYM  skift, og gå til tilstand 169

    dim_list  gå til tilstand 170
    dim_item  gå til tilstand 171
    numid     gå til tilstand 172


Tilstand 9

   92 dir_stat: dirSYM • opt_stringexp

    lparenSYM    skift, og gå til tilstand 156
    syssSYM      skift, og gå til tilstand 133
    rsSYM        skift, og gå til tilstand 135
    tnrsSYM      skift, og gå til tilstand 137
    tonrsSYM     skift, og gå til tilstand 139
    tsrsSYM      skift, og gå til tilstand 140
    tsrsnSYM     skift, og gå til tilstand 141
    stringidSYM  skift, og gå til tilstand 64
    stringSYM    skift, og gå til tilstand 146

    $default  reducer med regel 265 (opt_stringexp)

    stringexp      gå til tilstand 173
    stringexp2     gå til tilstand 158
    opt_stringexp  gå til tilstand 174
    string_factor  gå til tilstand 153
    strlvalue2     gå til tilstand 155


Tilstand 10

   87 draw_stat: drawSYM • exp_list

    lparenSYM    skift, og gå til tilstand 128
    minusSYM     skift, og gå til tilstand 129
    plusSYM      skift, og gå til tilstand 130
    rndSYM       skift, og gå til tilstand 131
    sysSYM       skift, og gå til tilstand 132
    syssSYM      skift, og gå til tilstand 133
    rnSYM        skift, og gå til tilstand 134
    rsSYM        skift, og gå til tilstand 135
    tnrnSYM      skift, og gå til tilstand 136
    tnrsSYM      skift, og gå til tilstand 137
    tsrnSYM      skift, og gå til tilstand 138
    tonrsSYM     skift, og gå til tilstand 139
    tsrsSYM      skift, og gå til tilstand 140
    tsrsnSYM     skift, og gå til tilstand 141
    lenSYM       skift, og gå til tilstand 142
    floatnumSYM  skift, og gå til tilstand 143
    idSYM        skift, og gå til tilstand 144
    intidSYM     skift, og gå til tilstand 63
    stringidSYM  skift, og gå til tilstand 64
    intnumSYM    skift, og gå til tilstand 145
    stringSYM    skift, og gå til tilstand 146

    xid            gå til tilstand 147
    exp            gå til tilstand 164
    numexp         gå til tilstand 149
    numexp2        gå til tilstand 150
    stringexp      gå til tilstand 151
    stringexp2     gå til tilstand 152
    string_factor  gå til tilstand 153
    numlvalue2     gå til tilstand 154
    strlvalue2     gå til tilstand 155
    exp_list       gå til tilstand 175


Tilstand 11

   89 play_stat: playSYM • exp_list

    lparenSYM    skift, og gå til tilstand 128
    minusSYM     skift, og gå til tilstand 129
    plusSYM      skift, og gå til tilstand 130
    rndSYM       skift, og gå til tilstand 131
    sysSYM       skift, og gå til tilstand 132
    syssSYM      skift, og gå til tilstand 133
    rnSYM        skift, og gå til tilstand 134
    rsSYM        skift, og gå til tilstand 135
    tnrnSYM      skift, og gå til tilstand 136
    tnrsSYM      skift, og gå til tilstand 137
    tsrnSYM      skift, og gå til tilstand 138
    tonrsSYM     skift, og gå til tilstand 139
    tsrsSYM      skift, og gå til tilstand 140
    tsrsnSYM     skift, og gå til tilstand 141
    lenSYM       skift, og gå til tilstand 142
    floatnumSYM  skift, og gå til tilstand 143
    idSYM        skift, og gå til tilstand 144
    intidSYM     skift, og gå til tilstand 63
    stringidSYM  skift, og gå til tilstand 64
    intnumSYM    skift, og gå til tilstand 145
    stringSYM    skift, og gå til tilstand 146

    xid            gå til tilstand 147
    exp            gå til tilstand 164
    numexp         gå til tilstand 149
    numexp2        gå til tilstand 150
    stringexp      gå til tilstand 151
    stringexp2     gå til tilstand 152
    string_factor  gå til tilstand 153
    numlvalue2     gå til tilstand 154
    strlvalue2     gå til tilstand 155
    exp_list       gå til tilstand 176


Tilstand 12

   88 tone_stat: toneSYM • exp_list

    lparenSYM    skift, og gå til tilstand 128
    minusSYM     skift, og gå til tilstand 129
    plusSYM      skift, og gå til tilstand 130
    rndSYM       skift, og gå til tilstand 131
    sysSYM       skift, og gå til tilstand 132
    syssSYM      skift, og gå til tilstand 133
    rnSYM        skift, og gå til tilstand 134
    rsSYM        skift, og gå til tilstand 135
    tnrnSYM      skift, og gå til tilstand 136
    tnrsSYM      skift, og gå til tilstand 137
    tsrnSYM      skift, og gå til tilstand 138
    tonrsSYM     skift, og gå til tilstand 139
    tsrsSYM      skift, og gå til tilstand 140
    tsrsnSYM     skift, og gå til tilstand 141
    lenSYM       skift, og gå til tilstand 142
    floatnumSYM  skift, og gå til tilstand 143
    idSYM        skift, og gå til tilstand 144
    intidSYM     skift, og gå til tilstand 63
    stringidSYM  skift, og gå til tilstand 64
    intnumSYM    skift, og gå til tilstand 145
    stringSYM    skift, og gå til tilstand 146

    xid            gå til tilstand 147
    exp            gå til tilstand 164
    numexp         gå til tilstand 149
    numexp2        gå til tilstand 150
    stringexp      gå til tilstand 151
    stringexp2     gå til tilstand 152
    string_factor  gå til tilstand 153
    numlvalue2     gå til tilstand 154
    strlvalue2     gå til tilstand 155
    exp_list       gå til tilstand 177


Tilstand 13

   90 sleep_stat: sleepSYM • exp_list

    lparenSYM    skift, og gå til tilstand 128
    minusSYM     skift, og gå til tilstand 129
    plusSYM      skift, og gå til tilstand 130
    rndSYM       skift, og gå til tilstand 131
    sysSYM       skift, og gå til tilstand 132
    syssSYM      skift, og gå til tilstand 133
    rnSYM        skift, og gå til tilstand 134
    rsSYM        skift, og gå til tilstand 135
    tnrnSYM      skift, og gå til tilstand 136
    tnrsSYM      skift, og gå til tilstand 137
    tsrnSYM      skift, og gå til tilstand 138
    tonrsSYM     skift, og gå til tilstand 139
    tsrsSYM      skift, og gå til tilstand 140
    tsrsnSYM     skift, og gå til tilstand 141
    lenSYM       skift, og gå til tilstand 142
    floatnumSYM  skift, og gå til tilstand 143
    idSYM        skift, og gå til tilstand 144
    intidSYM     skift, og gå til tilstand 63
    stringidSYM  skift, og gå til tilstand 64
    intnumSYM    skift, og gå til tilstand 145
    stringSYM    skift, og gå til tilstand 146

    xid            gå til tilstand 147
    exp            gå til tilstand 164
    numexp         gå til tilstand 149
    numexp2        gå til tilstand 150
    stringexp      gå til tilstand 151
    stringexp2     gå til tilstand 152
    string_factor  gå til tilstand 153
    numlvalue2     gå til tilstand 154
    strlvalue2     gå til tilstand 155
    exp_list       gå til tilstand 178


Tilstand 14

  119 elif_stat: elifSYM • numexp optthen

    lparenSYM    skift, og gå til tilstand 128
    minusSYM     skift, og gå til tilstand 129
    plusSYM      skift, og gå til tilstand 130
    rndSYM       skift, og gå til tilstand 131
    sysSYM       skift, og gå til tilstand 132
    syssSYM      skift, og gå til tilstand 133
    rnSYM        skift, og gå til tilstand 134
    rsSYM        skift, og gå til tilstand 135
    tnrnSYM      skift, og gå til tilstand 136
    tnrsSYM      skift, og gå til tilstand 137
    tsrnSYM      skift, og gå til tilstand 138
    tonrsSYM     skift, og gå til tilstand 139
    tsrsSYM      skift, og gå til tilstand 140
    tsrsnSYM     skift, og gå til tilstand 141
    lenSYM       skift, og gå til tilstand 142
    floatnumSYM  skift, og gå til tilstand 143
    idSYM        skift, og gå til tilstand 144
    intidSYM     skift, og gå til tilstand 63
    stringidSYM  skift, og gå til tilstand 64
    intnumSYM    skift, og gå til tilstand 145
    stringSYM    skift, og gå til tilstand 146

    xid            gå til tilstand 147
    numexp         gå til tilstand 179
    numexp2        gå til tilstand 150
    stringexp2     gå til tilstand 163
    string_factor  gå til tilstand 153
    numlvalue2     gå til tilstand 154
    strlvalue2     gå til tilstand 155


Tilstand 15

   60 complex_1word: elseSYM •

    $default  reducer med regel 60 (complex_1word)


Tilstand 16

   61 complex_1word: endcaseSYM •

    $default  reducer med regel 61 (complex_1word)


Tilstand 17

   68 complex_1word: endforSYM • optnumlvalue

    idSYM     skift, og gå til tilstand 144
    intidSYM  skift, og gå til tilstand 63

    $default  reducer med regel 284 (optnumlvalue)

    xid           gå til tilstand 147
    optnumlvalue  gå til tilstand 180
    numlvalue     gå til tilstand 181
    numlvalue2    gå til tilstand 124


Tilstand 18

   62 complex_1word: endfuncSYM • optid

    idSYM        skift, og gå til tilstand 167
    intidSYM     skift, og gå til tilstand 168
    stringidSYM  skift, og gå til tilstand 182

    $default  reducer med regel 288 (optid)

    optid  gå til tilstand 183
    id     gå til tilstand 184
    numid  gå til tilstand 185


Tilstand 19

   63 complex_1word: endifSYM •

    $default  reducer med regel 63 (complex_1word)


Tilstand 20

   65 complex_1word: endloopSYM •

    $default  reducer med regel 65 (complex_1word)


Tilstand 21

   66 complex_1word: endprocSYM • optid2

    idSYM  skift, og gå til tilstand 186

    $default  reducer med regel 290 (optid2)

    optid2  gå til tilstand 187


Tilstand 22

   75 simple_1word: endSYM •

    $default  reducer med regel 75 (simple_1word)


Tilstand 23

   73 complex_1word: endtrapSYM •

    $default  reducer med regel 73 (complex_1word)


Tilstand 24

   67 complex_1word: endwhileSYM •

    $default  reducer med regel 67 (complex_1word)


Tilstand 25

  123 exec_stat: execSYM • xid

    idSYM  skift, og gå til tilstand 144

    xid  gå til tilstand 188


Tilstand 26

   76 simple_1word: exitSYM •
  120 exit_stat: exitSYM • ifwhen numexp

    ifSYM    skift, og gå til tilstand 189
    whenSYM  skift, og gå til tilstand 190

    $default  reducer med regel 76 (simple_1word)

    ifwhen  gå til tilstand 191


Tilstand 27

  128 for_stat: forSYM • numlvalue assign1 numexp todownto numexp optstep optdo optsimple_stat

    idSYM     skift, og gå til tilstand 144
    intidSYM  skift, og gå til tilstand 63

    xid         gå til tilstand 147
    numlvalue   gå til tilstand 192
    numlvalue2  gå til tilstand 124


Tilstand 28

  133 func_stat: funcSYM • id procfunc_head optclosed opt_external

    idSYM        skift, og gå til tilstand 167
    intidSYM     skift, og gå til tilstand 168
    stringidSYM  skift, og gå til tilstand 182

    id     gå til tilstand 193
    numid  gå til tilstand 185


Tilstand 29

   72 complex_1word: handlerSYM •

    $default  reducer med regel 72 (complex_1word)


Tilstand 30

  134 if_stat: ifSYM • numexp optthen optsimple_stat

    lparenSYM    skift, og gå til tilstand 128
    minusSYM     skift, og gå til tilstand 129
    plusSYM      skift, og gå til tilstand 130
    rndSYM       skift, og gå til tilstand 131
    sysSYM       skift, og gå til tilstand 132
    syssSYM      skift, og gå til tilstand 133
    rnSYM        skift, og gå til tilstand 134
    rsSYM        skift, og gå til tilstand 135
    tnrnSYM      skift, og gå til tilstand 136
    tnrsSYM      skift, og gå til tilstand 137
    tsrnSYM      skift, og gå til tilstand 138
    tonrsSYM     skift, og gå til tilstand 139
    tsrsSYM      skift, og gå til tilstand 140
    tsrsnSYM     skift, og gå til tilstand 141
    lenSYM       skift, og gå til tilstand 142
    floatnumSYM  skift, og gå til tilstand 143
    idSYM        skift, og gå til tilstand 144
    intidSYM     skift, og gå til tilstand 63
    stringidSYM  skift, og gå til tilstand 64
    intnumSYM    skift, og gå til tilstand 145
    stringSYM    skift, og gå til tilstand 146

    xid            gå til tilstand 147
    numexp         gå til tilstand 194
    numexp2        gå til tilstand 150
    stringexp2     gå til tilstand 163
    string_factor  gå til tilstand 153
    numlvalue2     gå til tilstand 154
    strlvalue2     gå til tilstand 155


Tilstand 31

  135 import_stat: importSYM • id colonSYM import_list
  136            | importSYM • import_list

    idSYM        skift, og gå til tilstand 167
    intidSYM     skift, og gå til tilstand 168
    stringidSYM  skift, og gå til tilstand 182

    import_list  gå til tilstand 195
    oneparm      gå til tilstand 196
    id           gå til tilstand 197
    numid        gå til tilstand 185


Tilstand 32

  139 input_stat: inputSYM • input_modifier lval_list

    fileSYM    skift, og gå til tilstand 198
    queueSYM   skift, og gå til tilstand 199
    stringSYM  skift, og gå til tilstand 200

    $default  reducer med regel 142 (input_modifier)

    input_modifier  gå til tilstand 201
    io_designator   gå til tilstand 202


Tilstand 33

   94 local_stat: localSYM • local_list

    idSYM        skift, og gå til tilstand 167
    intidSYM     skift, og gå til tilstand 168
    stringidSYM  skift, og gå til tilstand 203

    local_list  gå til tilstand 204
    local_item  gå til tilstand 205
    numid       gå til tilstand 206


Tilstand 34

   64 complex_1word: loopSYM •

    $default  reducer med regel 64 (complex_1word)


Tilstand 35

   85 mkdir_stat: mkdirSYM • stringexp

    lparenSYM    skift, og gå til tilstand 156
    syssSYM      skift, og gå til tilstand 133
    rsSYM        skift, og gå til tilstand 135
    tnrsSYM      skift, og gå til tilstand 137
    tonrsSYM     skift, og gå til tilstand 139
    tsrsSYM      skift, og gå til tilstand 140
    tsrsnSYM     skift, og gå til tilstand 141
    stringidSYM  skift, og gå til tilstand 64
    stringSYM    skift, og gå til tilstand 146

    stringexp      gå til tilstand 207
    stringexp2     gå til tilstand 158
    string_factor  gå til tilstand 153
    strlvalue2     gå til tilstand 155


Tilstand 36

   74 simple_1word: nullSYM •

    $default  reducer med regel 74 (simple_1word)


Tilstand 37

  143 open_stat: openSYM • fileSYM numexp commaSYM stringexp commaSYM open_type
  144          | openSYM • queueSYM numexp commaSYM stringexp commaSYM queue_type

    fileSYM   skift, og gå til tilstand 208
    queueSYM  skift, og gå til tilstand 209


Tilstand 38

  151 os_stat: osSYM • stringexp

    lparenSYM    skift, og gå til tilstand 156
    syssSYM      skift, og gå til tilstand 133
    rsSYM        skift, og gå til tilstand 135
    tnrsSYM      skift, og gå til tilstand 137
    tonrsSYM     skift, og gå til tilstand 139
    tsrsSYM      skift, og gå til tilstand 140
    tsrsnSYM     skift, og gå til tilstand 141
    stringidSYM  skift, og gå til tilstand 64
    stringSYM    skift, og gå til tilstand 146

    stringexp      gå til tilstand 210
    stringexp2     gå til tilstand 158
    string_factor  gå til tilstand 153
    strlvalue2     gå til tilstand 155


Tilstand 39

   69 complex_1word: otherwiseSYM •

    $default  reducer med regel 69 (complex_1word)


Tilstand 40

   77 simple_1word: pageSYM •

    $default  reducer med regel 77 (simple_1word)


Tilstand 41

  156 printi: printSYM •

    $default  reducer med regel 156 (printi)


Tilstand 42

  166 proc_stat: procSYM • idSYM procfunc_head optclosed opt_external

    idSYM  skift, og gå til tilstand 211


Tilstand 43

  167 read_stat: readSYM • optfile lval_list

    fileSYM  skift, og gå til tilstand 212

    $default  reducer med regel 292 (optfile)

    optfile          gå til tilstand 213
    file_designator  gå til tilstand 214


Tilstand 44

   70 complex_1word: repeatSYM •
  198 repeat_stat: repeatSYM • simple_stat untilSYM numexp

    chdirSYM          skift, og gå til tilstand 3
    closeSYM          skift, og gå til tilstand 4
    cursorSYM         skift, og gå til tilstand 5
    delSYM            skift, og gå til tilstand 7
    dimSYM            skift, og gå til tilstand 8
    dirSYM            skift, og gå til tilstand 9
    playSYM           skift, og gå til tilstand 11
    toneSYM           skift, og gå til tilstand 12
    sleepSYM          skift, og gå til tilstand 13
    endSYM            skift, og gå til tilstand 22
    execSYM           skift, og gå til tilstand 25
    exitSYM           skift, og gå til tilstand 215
    importSYM         skift, og gå til tilstand 31
    inputSYM          skift, og gå til tilstand 32
    localSYM          skift, og gå til tilstand 33
    mkdirSYM          skift, og gå til tilstand 35
    nullSYM           skift, og gå til tilstand 36
    openSYM           skift, og gå til tilstand 37
    osSYM             skift, og gå til tilstand 38
    pageSYM           skift, og gå til tilstand 40
    printSYM          skift, og gå til tilstand 41
    readSYM           skift, og gå til tilstand 43
    restoreSYM        skift, og gå til tilstand 45
    retrySYM          skift, og gå til tilstand 46
    returnSYM         skift, og gå til tilstand 47
    rmdirSYM          skift, og gå til tilstand 48
    select_inputSYM   skift, og gå til tilstand 49
    select_outputSYM  skift, og gå til tilstand 50
    semicolonSYM      skift, og gå til tilstand 51
    stopSYM           skift, og gå til tilstand 52
    spawnSYM          skift, og gå til tilstand 53
    waitSYM           skift, og gå til tilstand 54
    sysSYM            skift, og gå til tilstand 55
    trapSYM           skift, og gå til tilstand 216
    unitSYM           skift, og gå til tilstand 57
    writeSYM          skift, og gå til tilstand 61
    idSYM             skift, og gå til tilstand 144
    intidSYM          skift, og gå til tilstand 63
    stringidSYM       skift, og gå til tilstand 64

    $default  reducer med regel 70 (complex_1word)

    simple_stat      gå til tilstand 217
    simple_1word     gå til tilstand 73
    close_stat       gå til tilstand 75
    cursor_stat      gå til tilstand 76
    chdir_stat       gå til tilstand 77
    rmdir_stat       gå til tilstand 78
    mkdir_stat       gå til tilstand 79
    tone_stat        gå til tilstand 82
    play_stat        gå til tilstand 83
    sleep_stat       gå til tilstand 84
    del_stat         gå til tilstand 85
    dir_stat         gå til tilstand 86
    unit_stat        gå til tilstand 87
    local_stat       gå til tilstand 88
    dim_stat         gå til tilstand 89
    exec_stat        gå til tilstand 92
    spawn_stat       gå til tilstand 93
    wait_stat        gå til tilstand 94
    import_stat      gå til tilstand 98
    input_stat       gå til tilstand 99
    open_stat        gå til tilstand 100
    os_stat          gå til tilstand 101
    print_stat       gå til tilstand 102
    printi           gå til tilstand 103
    read_stat        gå til tilstand 105
    restore_stat     gå til tilstand 106
    return_stat      gå til tilstand 107
    select_out_stat  gå til tilstand 108
    select_in_stat   gå til tilstand 109
    stop_stat        gå til tilstand 110
    sys_stat         gå til tilstand 111
    trap_stat        gå til tilstand 113
    write_stat       gå til tilstand 117
    assign_stat      gå til tilstand 118
    assign_list      gå til tilstand 119
    assign_item      gå til tilstand 120
    xid              gå til tilstand 122
    numlvalue        gå til tilstand 123
    numlvalue2       gå til tilstand 124
    strlvalue        gå til tilstand 125
    strlvalue2       gå til tilstand 126


Tilstand 45

  168 restore_stat: restoreSYM • optid2

    idSYM  skift, og gå til tilstand 186

    $default  reducer med regel 290 (optid2)

    optid2  gå til tilstand 218


Tilstand 46

   78 simple_1word: retrySYM •

    $default  reducer med regel 78 (simple_1word)


Tilstand 47

  169 return_stat: returnSYM • optexp

    lparenSYM    skift, og gå til tilstand 128
    minusSYM     skift, og gå til tilstand 129
    plusSYM      skift, og gå til tilstand 130
    rndSYM       skift, og gå til tilstand 131
    sysSYM       skift, og gå til tilstand 132
    syssSYM      skift, og gå til tilstand 133
    rnSYM        skift, og gå til tilstand 134
    rsSYM        skift, og gå til tilstand 135
    tnrnSYM      skift, og gå til tilstand 136
    tnrsSYM      skift, og gå til tilstand 137
    tsrnSYM      skift, og gå til tilstand 138
    tonrsSYM     skift, og gå til tilstand 139
    tsrsSYM      skift, og gå til tilstand 140
    tsrsnSYM     skift, og gå til tilstand 141
    lenSYM       skift, og gå til tilstand 142
    floatnumSYM  skift, og gå til tilstand 143
    idSYM        skift, og gå til tilstand 144
    intidSYM     skift, og gå til tilstand 63
    stringidSYM  skift, og gå til tilstand 64
    intnumSYM    skift, og gå til tilstand 145
    stringSYM    skift, og gå til tilstand 146

    $default  reducer med regel 286 (optexp)

    xid            gå til tilstand 147
    exp            gå til tilstand 219
    numexp         gå til tilstand 149
    numexp2        gå til tilstand 150
    stringexp      gå til tilstand 151
    stringexp2     gå til tilstand 152
    string_factor  gå til tilstand 153
    optexp         gå til tilstand 220
    numlvalue2     gå til tilstand 154
    strlvalue2     gå til tilstand 155


Tilstand 48

   84 rmdir_stat: rmdirSYM • stringexp

    lparenSYM    skift, og gå til tilstand 156
    syssSYM      skift, og gå til tilstand 133
    rsSYM        skift, og gå til tilstand 135
    tnrsSYM      skift, og gå til tilstand 137
    tonrsSYM     skift, og gå til tilstand 139
    tsrsSYM      skift, og gå til tilstand 140
    tsrsnSYM     skift, og gå til tilstand 141
    stringidSYM  skift, og gå til tilstand 64
    stringSYM    skift, og gå til tilstand 146

    stringexp      gå til tilstand 221
    stringexp2     gå til tilstand 158
    string_factor  gå til tilstand 153
    strlvalue2     gå til tilstand 155


Tilstand 49

  171 select_in_stat: select_inputSYM • stringexp

    lparenSYM    skift, og gå til tilstand 156
    syssSYM      skift, og gå til tilstand 133
    rsSYM        skift, og gå til tilstand 135
    tnrsSYM      skift, og gå til tilstand 137
    tonrsSYM     skift, og gå til tilstand 139
    tsrsSYM      skift, og gå til tilstand 140
    tsrsnSYM     skift, og gå til tilstand 141
    stringidSYM  skift, og gå til tilstand 64
    stringSYM    skift, og gå til tilstand 146

    stringexp      gå til tilstand 222
    stringexp2     gå til tilstand 158
    string_factor  gå til tilstand 153
    strlvalue2     gå til tilstand 155


Tilstand 50

  170 select_out_stat: select_outputSYM • stringexp

    lparenSYM    skift, og gå til tilstand 156
    syssSYM      skift, og gå til tilstand 133
    rsSYM        skift, og gå til tilstand 135
    tnrsSYM      skift, og gå til tilstand 137
    tonrsSYM     skift, og gå til tilstand 139
    tsrsSYM      skift, og gå til tilstand 140
    tsrsnSYM     skift, og gå til tilstand 141
    stringidSYM  skift, og gå til tilstand 64
    stringSYM    skift, og gå til tilstand 146

    stringexp      gå til tilstand 223
    stringexp2     gå til tilstand 158
    string_factor  gå til tilstand 153
    strlvalue2     gå til tilstand 155


Tilstand 51

  157 printi: semicolonSYM •

    $default  reducer med regel 157 (printi)


Tilstand 52

  172 stop_stat: stopSYM • optexp
  173          | stopSYM • spawnSYM numexp

    lparenSYM    skift, og gå til tilstand 128
    minusSYM     skift, og gå til tilstand 129
    plusSYM      skift, og gå til tilstand 130
    rndSYM       skift, og gå til tilstand 131
    spawnSYM     skift, og gå til tilstand 224
    sysSYM       skift, og gå til tilstand 132
    syssSYM      skift, og gå til tilstand 133
    rnSYM        skift, og gå til tilstand 134
    rsSYM        skift, og gå til tilstand 135
    tnrnSYM      skift, og gå til tilstand 136
    tnrsSYM      skift, og gå til tilstand 137
    tsrnSYM      skift, og gå til tilstand 138
    tonrsSYM     skift, og gå til tilstand 139
    tsrsSYM      skift, og gå til tilstand 140
    tsrsnSYM     skift, og gå til tilstand 141
    lenSYM       skift, og gå til tilstand 142
    floatnumSYM  skift, og gå til tilstand 143
    idSYM        skift, og gå til tilstand 144
    intidSYM     skift, og gå til tilstand 63
    stringidSYM  skift, og gå til tilstand 64
    intnumSYM    skift, og gå til tilstand 145
    stringSYM    skift, og gå til tilstand 146

    $default  reducer med regel 286 (optexp)

    xid            gå til tilstand 147
    exp            gå til tilstand 219
    numexp         gå til tilstand 149
    numexp2        gå til tilstand 150
    stringexp      gå til tilstand 151
    stringexp2     gå til tilstand 152
    string_factor  gå til tilstand 153
    optexp         gå til tilstand 225
    numlvalue2     gå til tilstand 154
    strlvalue2     gå til tilstand 155


Tilstand 53

  124 spawn_stat: spawnSYM • xid
  125           | spawnSYM • numexp colonSYM xid

    lparenSYM    skift, og gå til tilstand 128
    minusSYM     skift, og gå til tilstand 129
    plusSYM      skift, og gå til tilstand 130
    rndSYM       skift, og gå til tilstand 131
    sysSYM       skift, og gå til tilstand 132
    syssSYM      skift, og gå til tilstand 133
    rnSYM        skift, og gå til tilstand 134
    rsSYM        skift, og gå til tilstand 135
    tnrnSYM      skift, og gå til tilstand 136
    tnrsSYM      skift, og gå til tilstand 137
    tsrnSYM      skift, og gå til tilstand 138
    tonrsSYM     skift, og gå til tilstand 139
    tsrsSYM      skift, og gå til tilstand 140
    tsrsnSYM     skift, og gå til tilstand 141
    lenSYM       skift, og gå til tilstand 142
    floatnumSYM  skift, og gå til tilstand 143
    idSYM        skift, og gå til tilstand 144
    intidSYM     skift, og gå til tilstand 63
    stringidSYM  skift, og gå til tilstand 64
    intnumSYM    skift, og gå til tilstand 145
    stringSYM    skift, og gå til tilstand 146

    xid            gå til tilstand 226
    numexp         gå til tilstand 227
    numexp2        gå til tilstand 150
    stringexp2     gå til tilstand 163
    string_factor  gå til tilstand 153
    numlvalue2     gå til tilstand 154
    strlvalue2     gå til tilstand 155


Tilstand 54

  126 wait_stat: waitSYM •
  127          | waitSYM • numexp

    lparenSYM    skift, og gå til tilstand 128
    minusSYM     skift, og gå til tilstand 129
    plusSYM      skift, og gå til tilstand 130
    rndSYM       skift, og gå til tilstand 131
    sysSYM       skift, og gå til tilstand 132
    syssSYM      skift, og gå til tilstand 133
    rnSYM        skift, og gå til tilstand 134
    rsSYM        skift, og gå til tilstand 135
    tnrnSYM      skift, og gå til tilstand 136
    tnrsSYM      skift, og gå til tilstand 137
    tsrnSYM      skift, og gå til tilstand 138
    tonrsSYM     skift, og gå til tilstand 139
    tsrsSYM      skift, og gå til tilstand 140
    tsrsnSYM     skift, og gå til tilstand 141
    lenSYM       skift, og gå til tilstand 142
    floatnumSYM  skift, og gå til tilstand 143
    idSYM        skift, og gå til tilstand 144
    intidSYM     skift, og gå til tilstand 63
    stringidSYM  skift, og gå til tilstand 64
    intnumSYM    skift, og gå til tilstand 145
    stringSYM    skift, og gå til tilstand 146

    $default  reducer med regel 126 (wait_stat)

    xid            gå til tilstand 147
    numexp         gå til tilstand 228
    numexp2        gå til tilstand 150
    stringexp2     gå til tilstand 163
    string_factor  gå til tilstand 153
    numlvalue2     gå til tilstand 154
    strlvalue2     gå til tilstand 155


Tilstand 55

  174 sys_stat: sysSYM • exp_list

    lparenSYM    skift, og gå til tilstand 128
    minusSYM     skift, og gå til tilstand 129
    plusSYM      skift, og gå til tilstand 130
    rndSYM       skift, og gå til tilstand 131
    sysSYM       skift, og gå til tilstand 132
    syssSYM      skift, og gå til tilstand 133
    rnSYM        skift, og gå til tilstand 134
    rsSYM        skift, og gå til tilstand 135
    tnrnSYM      skift, og gå til tilstand 136
    tnrsSYM      skift, og gå til tilstand 137
    tsrnSYM      skift, og gå til tilstand 138
    tonrsSYM     skift, og gå til tilstand 139
    tsrsSYM      skift, og gå til tilstand 140
    tsrsnSYM     skift, og gå til tilstand 141
    lenSYM       skift, og gå til tilstand 142
    floatnumSYM  skift, og gå til tilstand 143
    idSYM        skift, og gå til tilstand 144
    intidSYM     skift, og gå til tilstand 63
    stringidSYM  skift, og gå til tilstand 64
    intnumSYM    skift, og gå til tilstand 145
    stringSYM    skift, og gå til tilstand 146

    xid            gå til tilstand 147
    exp            gå til tilstand 164
    numexp         gå til tilstand 149
    numexp2        gå til tilstand 150
    stringexp      gå til tilstand 151
    stringexp2     gå til tilstand 152
    string_factor  gå til tilstand 153
    numlvalue2     gå til tilstand 154
    strlvalue2     gå til tilstand 155
    exp_list       gå til tilstand 229


Tilstand 56

   71 complex_1word: trapSYM •
  176 trap_stat: trapSYM • escSYM plusorminus

    escSYM  skift, og gå til tilstand 230

    $default  reducer med regel 71 (complex_1word)


Tilstand 57

   93 unit_stat: unitSYM • stringexp

    lparenSYM    skift, og gå til tilstand 156
    syssSYM      skift, og gå til tilstand 133
    rsSYM        skift, og gå til tilstand 135
    tnrsSYM      skift, og gå til tilstand 137
    tonrsSYM     skift, og gå til tilstand 139
    tsrsSYM      skift, og gå til tilstand 140
    tsrsnSYM     skift, og gå til tilstand 141
    stringidSYM  skift, og gå til tilstand 64
    stringSYM    skift, og gå til tilstand 146

    stringexp      gå til tilstand 231
    stringexp2     gå til tilstand 158
    string_factor  gå til tilstand 153
    strlvalue2     gå til tilstand 155


Tilstand 58

  175 until_stat: untilSYM • numexp

    lparenSYM    skift, og gå til tilstand 128
    minusSYM     skift, og gå til tilstand 129
    plusSYM      skift, og gå til tilstand 130
    rndSYM       skift, og gå til tilstand 131
    sysSYM       skift, og gå til tilstand 132
    syssSYM      skift, og gå til tilstand 133
    rnSYM        skift, og gå til tilstand 134
    rsSYM        skift, og gå til tilstand 135
    tnrnSYM      skift, og gå til tilstand 136
    tnrsSYM      skift, og gå til tilstand 137
    tsrnSYM      skift, og gå til tilstand 138
    tonrsSYM     skift, og gå til tilstand 139
    tsrsSYM      skift, og gå til tilstand 140
    tsrsnSYM     skift, og gå til tilstand 141
    lenSYM       skift, og gå til tilstand 142
    floatnumSYM  skift, og gå til tilstand 143
    idSYM        skift, og gå til tilstand 144
    intidSYM     skift, og gå til tilstand 63
    stringidSYM  skift, og gå til tilstand 64
    intnumSYM    skift, og gå til tilstand 145
    stringSYM    skift, og gå til tilstand 146

    xid            gå til tilstand 147
    numexp         gå til tilstand 232
    numexp2        gå til tilstand 150
    stringexp2     gå til tilstand 163
    string_factor  gå til tilstand 153
    numlvalue2     gå til tilstand 154
    strlvalue2     gå til tilstand 155


Tilstand 59

  179 when_stat: whenSYM • when_list

    eqlSYM       skift, og gå til tilstand 233
    geqSYM       skift, og gå til tilstand 234
    gtrSYM       skift, og gå til tilstand 235
    inSYM        skift, og gå til tilstand 236
    leqSYM       skift, og gå til tilstand 237
    lparenSYM    skift, og gå til tilstand 128
    lssSYM       skift, og gå til tilstand 238
    minusSYM     skift, og gå til tilstand 129
    neqSYM       skift, og gå til tilstand 239
    plusSYM      skift, og gå til tilstand 130
    rndSYM       skift, og gå til tilstand 131
    sysSYM       skift, og gå til tilstand 132
    syssSYM      skift, og gå til tilstand 133
    rnSYM        skift, og gå til tilstand 134
    rsSYM        skift, og gå til tilstand 135
    tnrnSYM      skift, og gå til tilstand 136
    tnrsSYM      skift, og gå til tilstand 137
    tsrnSYM      skift, og gå til tilstand 138
    tonrsSYM     skift, og gå til tilstand 139
    tsrsSYM      skift, og gå til tilstand 140
    tsrsnSYM     skift, og gå til tilstand 141
    lenSYM       skift, og gå til tilstand 142
    floatnumSYM  skift, og gå til tilstand 143
    idSYM        skift, og gå til tilstand 144
    intidSYM     skift, og gå til tilstand 63
    stringidSYM  skift, og gå til tilstand 64
    intnumSYM    skift, og gå til tilstand 145
    stringSYM    skift, og gå til tilstand 146

    when_list      gå til tilstand 240
    when_numlist   gå til tilstand 241
    when_numitem   gå til tilstand 242
    when_strlist   gå til tilstand 243
    when_stritem   gå til tilstand 244
    relop          gå til tilstand 245
    xid            gå til tilstand 147
    numexp         gå til tilstand 246
    numexp2        gå til tilstand 150
    stringexp      gå til tilstand 247
    stringexp2     gå til tilstand 152
    string_factor  gå til tilstand 153
    numlvalue2     gå til tilstand 154
    strlvalue2     gå til tilstand 155


Tilstand 60

  197 while_stat: whileSYM • numexp optdo optsimple_stat

    lparenSYM    skift, og gå til tilstand 128
    minusSYM     skift, og gå til tilstand 129
    plusSYM      skift, og gå til tilstand 130
    rndSYM       skift, og gå til tilstand 131
    sysSYM       skift, og gå til tilstand 132
    syssSYM      skift, og gå til tilstand 133
    rnSYM        skift, og gå til tilstand 134
    rsSYM        skift, og gå til tilstand 135
    tnrnSYM      skift, og gå til tilstand 136
    tnrsSYM      skift, og gå til tilstand 137
    tsrnSYM      skift, og gå til tilstand 138
    tonrsSYM     skift, og gå til tilstand 139
    tsrsSYM      skift, og gå til tilstand 140
    tsrsnSYM     skift, og gå til tilstand 141
    lenSYM       skift, og gå til tilstand 142
    floatnumSYM  skift, og gå til tilstand 143
    idSYM        skift, og gå til tilstand 144
    intidSYM     skift, og gå til tilstand 63
    stringidSYM  skift, og gå til tilstand 64
    intnumSYM    skift, og gå til tilstand 145
    stringSYM    skift, og gå til tilstand 146

    xid            gå til tilstand 147
    numexp         gå til tilstand 248
    numexp2        gå til tilstand 150
    stringexp2     gå til tilstand 163
    string_factor  gå til tilstand 153
    numlvalue2     gå til tilstand 154
    strlvalue2     gå til tilstand 155


Tilstand 61

  199 write_stat: writeSYM • file_designator exp_list

    fileSYM  skift, og gå til tilstand 212

    file_designator  gå til tilstand 249


Tilstand 62

  213 label_stat: idSYM • colonSYM
  214 xid: idSYM •
  215    | idSYM • lparenSYM exp_list rparenSYM
  216    | idSYM • lparenSYM opt_commalist rparenSYM

    colonSYM   skift, og gå til tilstand 250
    lparenSYM  skift, og gå til tilstand 251

    $default  reducer med regel 214 (xid)


Tilstand 63

  302 numlvalue2: intidSYM •
  303           | intidSYM • lparenSYM exp_list rparenSYM
  304           | intidSYM • lparenSYM opt_commalist rparenSYM

    lparenSYM  skift, og gå til tilstand 252

    $default  reducer med regel 302 (numlvalue2)


Tilstand 64

  306 strlvalue2: stringidSYM •
  307           | stringidSYM • lparenSYM exp_list rparenSYM
  308           | stringidSYM • substr_spec
  309           | stringidSYM • lparenSYM exp_list rparenSYM substr_spec
  310           | stringidSYM • lparenSYM opt_commalist rparenSYM

    lparenSYM  skift, og gå til tilstand 253

    lparenSYM  [reducer med regel 306 (strlvalue2)]
    $default   reducer med regel 306 (strlvalue2)

    substr_spec  gå til tilstand 254


Tilstand 65

    3 comal_line: intnumSYM • program_line optrem

    caseSYM           skift, og gå til tilstand 2
    chdirSYM          skift, og gå til tilstand 3
    closeSYM          skift, og gå til tilstand 4
    cursorSYM         skift, og gå til tilstand 5
    dataSYM           skift, og gå til tilstand 6
    delSYM            skift, og gå til tilstand 7
    dimSYM            skift, og gå til tilstand 8
    dirSYM            skift, og gå til tilstand 9
    drawSYM           skift, og gå til tilstand 10
    playSYM           skift, og gå til tilstand 11
    toneSYM           skift, og gå til tilstand 12
    sleepSYM          skift, og gå til tilstand 13
    elifSYM           skift, og gå til tilstand 14
    elseSYM           skift, og gå til tilstand 15
    endcaseSYM        skift, og gå til tilstand 16
    endforSYM         skift, og gå til tilstand 17
    endfuncSYM        skift, og gå til tilstand 18
    endifSYM          skift, og gå til tilstand 19
    endloopSYM        skift, og gå til tilstand 20
    endprocSYM        skift, og gå til tilstand 21
    endSYM            skift, og gå til tilstand 22
    endtrapSYM        skift, og gå til tilstand 23
    endwhileSYM       skift, og gå til tilstand 24
    execSYM           skift, og gå til tilstand 25
    exitSYM           skift, og gå til tilstand 26
    forSYM            skift, og gå til tilstand 27
    funcSYM           skift, og gå til tilstand 28
    handlerSYM        skift, og gå til tilstand 29
    ifSYM             skift, og gå til tilstand 30
    importSYM         skift, og gå til tilstand 31
    inputSYM          skift, og gå til tilstand 32
    localSYM          skift, og gå til tilstand 33
    loopSYM           skift, og gå til tilstand 34
    mkdirSYM          skift, og gå til tilstand 35
    nullSYM           skift, og gå til tilstand 36
    openSYM           skift, og gå til tilstand 37
    osSYM             skift, og gå til tilstand 38
    otherwiseSYM      skift, og gå til tilstand 39
    pageSYM           skift, og gå til tilstand 40
    printSYM          skift, og gå til tilstand 41
    procSYM           skift, og gå til tilstand 42
    readSYM           skift, og gå til tilstand 43
    repeatSYM         skift, og gå til tilstand 44
    restoreSYM        skift, og gå til tilstand 45
    retrySYM          skift, og gå til tilstand 46
    returnSYM         skift, og gå til tilstand 47
    rmdirSYM          skift, og gå til tilstand 48
    select_inputSYM   skift, og gå til tilstand 49
    select_outputSYM  skift, og gå til tilstand 50
    semicolonSYM      skift, og gå til tilstand 51
    stopSYM           skift, og gå til tilstand 52
    spawnSYM          skift, og gå til tilstand 53
    waitSYM           skift, og gå til tilstand 54
    sysSYM            skift, og gå til tilstand 55
    trapSYM           skift, og gå til tilstand 56
    unitSYM           skift, og gå til tilstand 57
    untilSYM          skift, og gå til tilstand 58
    whenSYM           skift, og gå til tilstand 59
    whileSYM          skift, og gå til tilstand 60
    writeSYM          skift, og gå til tilstand 61
    idSYM             skift, og gå til tilstand 62
    intidSYM          skift, og gå til tilstand 63
    stringidSYM       skift, og gå til tilstand 64

    $default  reducer med regel 11 (program_line)

    program_line     gå til tilstand 255
    complex_stat     gå til tilstand 256
    simple_stat      gå til tilstand 257
    complex_1word    gå til tilstand 72
    simple_1word     gå til tilstand 73
    case_stat        gå til tilstand 74
    close_stat       gå til tilstand 75
    cursor_stat      gå til tilstand 76
    chdir_stat       gå til tilstand 77
    rmdir_stat       gå til tilstand 78
    mkdir_stat       gå til tilstand 79
    data_stat        gå til tilstand 80
    draw_stat        gå til tilstand 81
    tone_stat        gå til tilstand 82
    play_stat        gå til tilstand 83
    sleep_stat       gå til tilstand 84
    del_stat         gå til tilstand 85
    dir_stat         gå til tilstand 86
    unit_stat        gå til tilstand 87
    local_stat       gå til tilstand 88
    dim_stat         gå til tilstand 89
    elif_stat        gå til tilstand 90
    exit_stat        gå til tilstand 91
    exec_stat        gå til tilstand 92
    spawn_stat       gå til tilstand 93
    wait_stat        gå til tilstand 94
    for_stat         gå til tilstand 95
    func_stat        gå til tilstand 96
    if_stat          gå til tilstand 97
    import_stat      gå til tilstand 98
    input_stat       gå til tilstand 99
    open_stat        gå til tilstand 100
    os_stat          gå til tilstand 101
    print_stat       gå til tilstand 102
    printi           gå til tilstand 103
    proc_stat        gå til tilstand 104
    read_stat        gå til tilstand 105
    restore_stat     gå til tilstand 106
    return_stat      gå til tilstand 107
    select_out_stat  gå til tilstand 108
    select_in_stat   gå til tilstand 109
    stop_stat        gå til tilstand 110
    sys_stat         gå til tilstand 111
    until_stat       gå til tilstand 112
    trap_stat        gå til tilstand 113
    when_stat        gå til tilstand 114
    while_stat       gå til tilstand 115
    repeat_stat      gå til tilstand 116
    write_stat       gå til tilstand 117
    assign_stat      gå til tilstand 118
    assign_list      gå til tilstand 119
    assign_item      gå til tilstand 120
    label_stat       gå til tilstand 121
    xid              gå til tilstand 122
    numlvalue        gå til tilstand 123
    numlvalue2       gå til tilstand 124
    strlvalue        gå til tilstand 125
    strlvalue2       gå til tilstand 126


Tilstand 66

    7 optrem: remSYM •

    $default  reducer med regel 7 (optrem)


Tilstand 67

    0 $accept: a_comal_line • $end

    $end  skift, og gå til tilstand 258


Tilstand 68

    1 a_comal_line: comal_line • eolnSYM

    eolnSYM  skift, og gå til tilstand 259


Tilstand 69

    6 comal_line: optrem •

    $default  reducer med regel 6 (comal_line)


Tilstand 70

    4 comal_line: complex_stat • optrem

    remSYM  skift, og gå til tilstand 66

    $default  reducer med regel 8 (optrem)

    optrem  gå til tilstand 260


Tilstand 71

    5 comal_line: simple_stat • optrem

    remSYM  skift, og gå til tilstand 66

    $default  reducer med regel 8 (optrem)

    optrem  gå til tilstand 261


Tilstand 72

   26 complex_stat: complex_1word •

    $default  reducer med regel 26 (complex_stat)


Tilstand 73

   59 simple_stat: simple_1word •

    $default  reducer med regel 59 (simple_stat)


Tilstand 74

   12 complex_stat: case_stat •

    $default  reducer med regel 12 (complex_stat)


Tilstand 75

   27 simple_stat: close_stat •

    $default  reducer med regel 27 (simple_stat)


Tilstand 76

   29 simple_stat: cursor_stat •

    $default  reducer med regel 29 (simple_stat)


Tilstand 77

   28 simple_stat: chdir_stat •

    $default  reducer med regel 28 (simple_stat)


Tilstand 78

   44 simple_stat: rmdir_stat •

    $default  reducer med regel 44 (simple_stat)


Tilstand 79

   37 simple_stat: mkdir_stat •

    $default  reducer med regel 37 (simple_stat)


Tilstand 80

   13 complex_stat: data_stat •

    $default  reducer med regel 13 (complex_stat)


Tilstand 81

   21 complex_stat: draw_stat •

    $default  reducer med regel 21 (complex_stat)


Tilstand 82

   53 simple_stat: tone_stat •

    $default  reducer med regel 53 (simple_stat)


Tilstand 83

   52 simple_stat: play_stat •

    $default  reducer med regel 52 (simple_stat)


Tilstand 84

   45 simple_stat: sleep_stat •

    $default  reducer med regel 45 (simple_stat)


Tilstand 85

   30 simple_stat: del_stat •

    $default  reducer med regel 30 (simple_stat)


Tilstand 86

   32 simple_stat: dir_stat •

    $default  reducer med regel 32 (simple_stat)


Tilstand 87

   55 simple_stat: unit_stat •

    $default  reducer med regel 55 (simple_stat)


Tilstand 88

   33 simple_stat: local_stat •

    $default  reducer med regel 33 (simple_stat)


Tilstand 89

   31 simple_stat: dim_stat •

    $default  reducer med regel 31 (simple_stat)


Tilstand 90

   14 complex_stat: elif_stat •

    $default  reducer med regel 14 (complex_stat)


Tilstand 91

   15 complex_stat: exit_stat •

    $default  reducer med regel 15 (complex_stat)


Tilstand 92

   34 simple_stat: exec_stat •

    $default  reducer med regel 34 (simple_stat)


Tilstand 93

   46 simple_stat: spawn_stat •

    $default  reducer med regel 46 (simple_stat)


Tilstand 94

   47 simple_stat: wait_stat •

    $default  reducer med regel 47 (simple_stat)


Tilstand 95

   16 complex_stat: for_stat •

    $default  reducer med regel 16 (complex_stat)


Tilstand 96

   17 complex_stat: func_stat •

    $default  reducer med regel 17 (complex_stat)


Tilstand 97

   18 complex_stat: if_stat •

    $default  reducer med regel 18 (complex_stat)


Tilstand 98

   35 simple_stat: import_stat •

    $default  reducer med regel 35 (simple_stat)


Tilstand 99

   36 simple_stat: input_stat •

    $default  reducer med regel 36 (simple_stat)


Tilstand 100

   38 simple_stat: open_stat •

    $default  reducer med regel 38 (simple_stat)


Tilstand 101

   39 simple_stat: os_stat •

    $default  reducer med regel 39 (simple_stat)


Tilstand 102

   40 simple_stat: print_stat •

    $default  reducer med regel 40 (simple_stat)


Tilstand 103

  152 print_stat: printi •
  153           | printi • print_list optpr_sep
  154           | printi • usingSYM stringexp colonSYM prnum_list optpr_sep
  155           | printi • io_designator print_list

    fileSYM      skift, og gå til tilstand 198
    queueSYM     skift, og gå til tilstand 199
    lparenSYM    skift, og gå til tilstand 128
    minusSYM     skift, og gå til tilstand 129
    plusSYM      skift, og gå til tilstand 130
    rndSYM       skift, og gå til tilstand 131
    sysSYM       skift, og gå til tilstand 132
    syssSYM      skift, og gå til tilstand 133
    usingSYM     skift, og gå til tilstand 262
    rnSYM        skift, og gå til tilstand 134
    rsSYM        skift, og gå til tilstand 135
    tnrnSYM      skift, og gå til tilstand 136
    tnrsSYM      skift, og gå til tilstand 137
    tsrnSYM      skift, og gå til tilstand 138
    tonrsSYM     skift, og gå til tilstand 139
    tsrsSYM      skift, og gå til tilstand 140
    tsrsnSYM     skift, og gå til tilstand 141
    lenSYM       skift, og gå til tilstand 142
    floatnumSYM  skift, og gå til tilstand 143
    idSYM        skift, og gå til tilstand 144
    intidSYM     skift, og gå til tilstand 63
    stringidSYM  skift, og gå til tilstand 64
    intnumSYM    skift, og gå til tilstand 145
    stringSYM    skift, og gå til tilstand 146

    $default  reducer med regel 152 (print_stat)

    print_list     gå til tilstand 263
    xid            gå til tilstand 147
    exp            gå til tilstand 264
    numexp         gå til tilstand 149
    numexp2        gå til tilstand 150
    stringexp      gå til tilstand 151
    stringexp2     gå til tilstand 152
    string_factor  gå til tilstand 153
    numlvalue2     gå til tilstand 154
    strlvalue2     gå til tilstand 155
    io_designator  gå til tilstand 265


Tilstand 104

   19 complex_stat: proc_stat •

    $default  reducer med regel 19 (complex_stat)


Tilstand 105

   41 simple_stat: read_stat •

    $default  reducer med regel 41 (simple_stat)


Tilstand 106

   42 simple_stat: restore_stat •

    $default  reducer med regel 42 (simple_stat)


Tilstand 107

   43 simple_stat: return_stat •

    $default  reducer med regel 43 (simple_stat)


Tilstand 108

   48 simple_stat: select_out_stat •

    $default  reducer med regel 48 (simple_stat)


Tilstand 109

   49 simple_stat: select_in_stat •

    $default  reducer med regel 49 (simple_stat)


Tilstand 110

   50 simple_stat: stop_stat •

    $default  reducer med regel 50 (simple_stat)


Tilstand 111

   51 simple_stat: sys_stat •

    $default  reducer med regel 51 (simple_stat)


Tilstand 112

   20 complex_stat: until_stat •

    $default  reducer med regel 20 (complex_stat)


Tilstand 113

   54 simple_stat: trap_stat •

    $default  reducer med regel 54 (simple_stat)


Tilstand 114

   22 complex_stat: when_stat •

    $default  reducer med regel 22 (complex_stat)


Tilstand 115

   23 complex_stat: while_stat •

    $default  reducer med regel 23 (complex_stat)


Tilstand 116

   24 complex_stat: repeat_stat •

    $default  reducer med regel 24 (complex_stat)


Tilstand 117

   56 simple_stat: write_stat •

    $default  reducer med regel 56 (simple_stat)


Tilstand 118

   58 simple_stat: assign_stat •

    $default  reducer med regel 58 (simple_stat)


Tilstand 119

  200 assign_stat: assign_list •
  201 assign_list: assign_list • semicolonSYM assign_item

    semicolonSYM  skift, og gå til tilstand 266

    $default  reducer med regel 200 (assign_stat)


Tilstand 120

  202 assign_list: assign_item •

    $default  reducer med regel 202 (assign_list)


Tilstand 121

   25 complex_stat: label_stat •

    $default  reducer med regel 25 (complex_stat)


Tilstand 122

   57 simple_stat: xid •
  301 numlvalue2: xid •

    eolnSYM   reducer med regel 57 (simple_stat)
    untilSYM  reducer med regel 57 (simple_stat)
    remSYM    reducer med regel 57 (simple_stat)
    $default  reducer med regel 301 (numlvalue2)


Tilstand 123

  203 assign_item: numlvalue • nassign numexp

    becomesSYM   skift, og gå til tilstand 267
    becplusSYM   skift, og gå til tilstand 268
    becminusSYM  skift, og gå til tilstand 269
    eqlSYM       skift, og gå til tilstand 270

    nassign  gå til tilstand 271
    assign1  gå til tilstand 272
    assign2  gå til tilstand 273


Tilstand 124

  300 numlvalue: numlvalue2 •

    $default  reducer med regel 300 (numlvalue)


Tilstand 125

  204 assign_item: strlvalue • sassign stringexp

    becomesSYM  skift, og gå til tilstand 267
    becplusSYM  skift, og gå til tilstand 274
    eqlSYM      skift, og gå til tilstand 270

    sassign  gå til tilstand 275
    assign1  gå til tilstand 276


Tilstand 126

  305 strlvalue: strlvalue2 •

    $default  reducer med regel 305 (strlvalue)


Tilstand 127

    2 a_comal_line: error eolnSYM •

    $default  reducer med regel 2 (a_comal_line)


Tilstand 128

  259 numexp2: lparenSYM • numexp2 rparenSYM
  275 string_factor: lparenSYM • stringexp2 rparenSYM

    lparenSYM    skift, og gå til tilstand 128
    minusSYM     skift, og gå til tilstand 129
    plusSYM      skift, og gå til tilstand 130
    rndSYM       skift, og gå til tilstand 131
    sysSYM       skift, og gå til tilstand 132
    syssSYM      skift, og gå til tilstand 133
    rnSYM        skift, og gå til tilstand 134
    rsSYM        skift, og gå til tilstand 135
    tnrnSYM      skift, og gå til tilstand 136
    tnrsSYM      skift, og gå til tilstand 137
    tsrnSYM      skift, og gå til tilstand 138
    tonrsSYM     skift, og gå til tilstand 139
    tsrsSYM      skift, og gå til tilstand 140
    tsrsnSYM     skift, og gå til tilstand 141
    lenSYM       skift, og gå til tilstand 142
    floatnumSYM  skift, og gå til tilstand 143
    idSYM        skift, og gå til tilstand 144
    intidSYM     skift, og gå til tilstand 63
    stringidSYM  skift, og gå til tilstand 64
    intnumSYM    skift, og gå til tilstand 145
    stringSYM    skift, og gå til tilstand 146

    xid            gå til tilstand 147
    numexp2        gå til tilstand 277
    stringexp2     gå til tilstand 278
    string_factor  gå til tilstand 153
    numlvalue2     gå til tilstand 154
    strlvalue2     gå til tilstand 155


Tilstand 129

  245 numexp2: minusSYM • numexp2

    lparenSYM    skift, og gå til tilstand 128
    minusSYM     skift, og gå til tilstand 129
    plusSYM      skift, og gå til tilstand 130
    rndSYM       skift, og gå til tilstand 131
    sysSYM       skift, og gå til tilstand 132
    syssSYM      skift, og gå til tilstand 133
    rnSYM        skift, og gå til tilstand 134
    rsSYM        skift, og gå til tilstand 135
    tnrnSYM      skift, og gå til tilstand 136
    tnrsSYM      skift, og gå til tilstand 137
    tsrnSYM      skift, og gå til tilstand 138
    tonrsSYM     skift, og gå til tilstand 139
    tsrsSYM      skift, og gå til tilstand 140
    tsrsnSYM     skift, og gå til tilstand 141
    lenSYM       skift, og gå til tilstand 142
    floatnumSYM  skift, og gå til tilstand 143
    idSYM        skift, og gå til tilstand 144
    intidSYM     skift, og gå til tilstand 63
    stringidSYM  skift, og gå til tilstand 64
    intnumSYM    skift, og gå til tilstand 145
    stringSYM    skift, og gå til tilstand 146

    xid            gå til tilstand 147
    numexp2        gå til tilstand 279
    stringexp2     gå til tilstand 163
    string_factor  gå til tilstand 153
    numlvalue2     gå til tilstand 154
    strlvalue2     gå til tilstand 155


Tilstand 130

  246 numexp2: plusSYM • numexp2

    lparenSYM    skift, og gå til tilstand 128
    minusSYM     skift, og gå til tilstand 129
    plusSYM      skift, og gå til tilstand 130
    rndSYM       skift, og gå til tilstand 131
    sysSYM       skift, og gå til tilstand 132
    syssSYM      skift, og gå til tilstand 133
    rnSYM        skift, og gå til tilstand 134
    rsSYM        skift, og gå til tilstand 135
    tnrnSYM      skift, og gå til tilstand 136
    tnrsSYM      skift, og gå til tilstand 137
    tsrnSYM      skift, og gå til tilstand 138
    tonrsSYM     skift, og gå til tilstand 139
    tsrsSYM      skift, og gå til tilstand 140
    tsrsnSYM     skift, og gå til tilstand 141
    lenSYM       skift, og gå til tilstand 142
    floatnumSYM  skift, og gå til tilstand 143
    idSYM        skift, og gå til tilstand 144
    intidSYM     skift, og gå til tilstand 63
    stringidSYM  skift, og gå til tilstand 64
    intnumSYM    skift, og gå til tilstand 145
    stringSYM    skift, og gå til tilstand 146

    xid            gå til tilstand 147
    numexp2        gå til tilstand 280
    stringexp2     gå til tilstand 163
    string_factor  gå til tilstand 153
    numlvalue2     gå til tilstand 154
    strlvalue2     gå til tilstand 155


Tilstand 131

  254 numexp2: rndSYM •
  255        | rndSYM • lparenSYM numexp2 rparenSYM
  256        | rndSYM • lparenSYM numexp2 commaSYM numexp2 rparenSYM

    lparenSYM  skift, og gå til tilstand 281

    $default  reducer med regel 254 (numexp2)


Tilstand 132

  258 numexp2: sysSYM • lparenSYM exp_list rparenSYM

    lparenSYM  skift, og gå til tilstand 282


Tilstand 133

  273 string_factor: syssSYM • lparenSYM exp_list rparenSYM

    lparenSYM  skift, og gå til tilstand 283


Tilstand 134

  257 numexp2: rnSYM •

    $default  reducer med regel 257 (numexp2)


Tilstand 135

  270 string_factor: rsSYM •

    $default  reducer med regel 270 (string_factor)


Tilstand 136

  253 numexp2: tnrnSYM • lparenSYM numexp2 rparenSYM

    lparenSYM  skift, og gå til tilstand 284


Tilstand 137

  268 string_factor: tnrsSYM • lparenSYM numexp2 rparenSYM

    lparenSYM  skift, og gå til tilstand 285


Tilstand 138

  250 numexp2: tsrnSYM • lparenSYM stringexp2 rparenSYM

    lparenSYM  skift, og gå til tilstand 286


Tilstand 139

  271 string_factor: tonrsSYM • opt_arg

    lparenSYM  skift, og gå til tilstand 287

    lparenSYM  [reducer med regel 277 (opt_arg)]
    $default   reducer med regel 277 (opt_arg)

    opt_arg  gå til tilstand 288


Tilstand 140

  269 string_factor: tsrsSYM • lparenSYM stringexp2 rparenSYM

    lparenSYM  skift, og gå til tilstand 289


Tilstand 141

  274 string_factor: tsrsnSYM • lparenSYM exp_list rparenSYM

    lparenSYM  skift, og gå til tilstand 290


Tilstand 142

  251 numexp2: lenSYM • lparenSYM stringexp2 rparenSYM
  252        | lenSYM • lparenSYM numexp2 rparenSYM

    lparenSYM  skift, og gå til tilstand 291


Tilstand 143

  248 numexp2: floatnumSYM •

    $default  reducer med regel 248 (numexp2)


Tilstand 144

  214 xid: idSYM •
  215    | idSYM • lparenSYM exp_list rparenSYM
  216    | idSYM • lparenSYM opt_commalist rparenSYM

    lparenSYM  skift, og gå til tilstand 251

    $default  reducer med regel 214 (xid)


Tilstand 145

  247 numexp2: intnumSYM •

    $default  reducer med regel 247 (numexp2)


Tilstand 146

  272 string_factor: stringSYM •

    $default  reducer med regel 272 (string_factor)


Tilstand 147

  301 numlvalue2: xid •

    $default  reducer med regel 301 (numlvalue2)


Tilstand 148

   79 case_stat: caseSYM exp • optof

    ofSYM  skift, og gå til tilstand 292

    $default  reducer med regel 343 (optof)

    optof  gå til tilstand 293


Tilstand 149

  217 exp: numexp •

    $default  reducer med regel 217 (exp)


Tilstand 150

  219 numexp: numexp2 •
  220 numexp2: numexp2 • eqlSYM numexp2
  221        | numexp2 • neqSYM numexp2
  222        | numexp2 • lssSYM numexp2
  223        | numexp2 • gtrSYM numexp2
  224        | numexp2 • leqSYM numexp2
  225        | numexp2 • geqSYM numexp2
  226        | numexp2 • andSYM numexp2
  227        | numexp2 • andthenSYM numexp2
  228        | numexp2 • orSYM numexp2
  229        | numexp2 • orthenSYM numexp2
  230        | numexp2 • eorSYM numexp2
  231        | numexp2 • plusSYM numexp2
  232        | numexp2 • minusSYM numexp2
  233        | numexp2 • timesSYM numexp2
  234        | numexp2 • divideSYM numexp2
  235        | numexp2 • powerSYM numexp2
  236        | numexp2 • divSYM numexp2
  237        | numexp2 • modSYM numexp2

    andSYM      skift, og gå til tilstand 294
    andthenSYM  skift, og gå til tilstand 295
    divideSYM   skift, og gå til tilstand 296
    divSYM      skift, og gå til tilstand 297
    eorSYM      skift, og gå til tilstand 298
    eqlSYM      skift, og gå til tilstand 299
    geqSYM      skift, og gå til tilstand 300
    gtrSYM      skift, og gå til tilstand 301
    leqSYM      skift, og gå til tilstand 302
    lssSYM      skift, og gå til tilstand 303
    minusSYM    skift, og gå til tilstand 304
    modSYM      skift, og gå til tilstand 305
    neqSYM      skift, og gå til tilstand 306
    orSYM       skift, og gå til tilstand 307
    orthenSYM   skift, og gå til tilstand 308
    plusSYM     skift, og gå til tilstand 309
    powerSYM    skift, og gå til tilstand 310
    timesSYM    skift, og gå til tilstand 311

    $default  reducer med regel 219 (numexp)


Tilstand 151

  218 exp: stringexp •

    $default  reducer med regel 218 (exp)


Tilstand 152

  238 numexp2: stringexp2 • eqlSYM stringexp2
  239        | stringexp2 • neqSYM stringexp2
  240        | stringexp2 • lssSYM stringexp2
  241        | stringexp2 • gtrSYM stringexp2
  242        | stringexp2 • leqSYM stringexp2
  243        | stringexp2 • geqSYM stringexp2
  244        | stringexp2 • inSYM stringexp2
  260 stringexp: stringexp2 •
  261 stringexp2: stringexp2 • plusSYM string_factor
  263           | stringexp2 • timesSYM numexp2

    eqlSYM    skift, og gå til tilstand 312
    geqSYM    skift, og gå til tilstand 313
    gtrSYM    skift, og gå til tilstand 314
    inSYM     skift, og gå til tilstand 315
    leqSYM    skift, og gå til tilstand 316
    lssSYM    skift, og gå til tilstand 317
    neqSYM    skift, og gå til tilstand 318
    plusSYM   skift, og gå til tilstand 319
    timesSYM  skift, og gå til tilstand 320

    $default  reducer med regel 260 (stringexp)


Tilstand 153

  262 stringexp2: string_factor •
  267 string_factor: string_factor • substr_spec

    lparenSYM  skift, og gå til tilstand 321

    $default  reducer med regel 262 (stringexp2)

    substr_spec  gå til tilstand 322


Tilstand 154

  249 numexp2: numlvalue2 •

    $default  reducer med regel 249 (numexp2)


Tilstand 155

  266 string_factor: strlvalue2 •

    $default  reducer med regel 266 (string_factor)


Tilstand 156

  275 string_factor: lparenSYM • stringexp2 rparenSYM

    lparenSYM    skift, og gå til tilstand 156
    syssSYM      skift, og gå til tilstand 133
    rsSYM        skift, og gå til tilstand 135
    tnrsSYM      skift, og gå til tilstand 137
    tonrsSYM     skift, og gå til tilstand 139
    tsrsSYM      skift, og gå til tilstand 140
    tsrsnSYM     skift, og gå til tilstand 141
    stringidSYM  skift, og gå til tilstand 64
    stringSYM    skift, og gå til tilstand 146

    stringexp2     gå til tilstand 323
    string_factor  gå til tilstand 153
    strlvalue2     gå til tilstand 155


Tilstand 157

   83 chdir_stat: chdirSYM stringexp •

    $default  reducer med regel 83 (chdir_stat)


Tilstand 158

  260 stringexp: stringexp2 •
  261 stringexp2: stringexp2 • plusSYM string_factor
  263           | stringexp2 • timesSYM numexp2

    plusSYM   skift, og gå til tilstand 319
    timesSYM  skift, og gå til tilstand 320

    $default  reducer med regel 260 (stringexp)


Tilstand 159

  293 optfileS: fileSYM •

    $default  reducer med regel 293 (optfileS)


Tilstand 160

  294 optfileS: queueSYM •

    $default  reducer med regel 294 (optfileS)


Tilstand 161

   81 close_stat: closeSYM optfileS • exp_list

    lparenSYM    skift, og gå til tilstand 128
    minusSYM     skift, og gå til tilstand 129
    plusSYM      skift, og gå til tilstand 130
    rndSYM       skift, og gå til tilstand 131
    sysSYM       skift, og gå til tilstand 132
    syssSYM      skift, og gå til tilstand 133
    rnSYM        skift, og gå til tilstand 134
    rsSYM        skift, og gå til tilstand 135
    tnrnSYM      skift, og gå til tilstand 136
    tnrsSYM      skift, og gå til tilstand 137
    tsrnSYM      skift, og gå til tilstand 138
    tonrsSYM     skift, og gå til tilstand 139
    tsrsSYM      skift, og gå til tilstand 140
    tsrsnSYM     skift, og gå til tilstand 141
    lenSYM       skift, og gå til tilstand 142
    floatnumSYM  skift, og gå til tilstand 143
    idSYM        skift, og gå til tilstand 144
    intidSYM     skift, og gå til tilstand 63
    stringidSYM  skift, og gå til tilstand 64
    intnumSYM    skift, og gå til tilstand 145
    stringSYM    skift, og gå til tilstand 146

    xid            gå til tilstand 147
    exp            gå til tilstand 164
    numexp         gå til tilstand 149
    numexp2        gå til tilstand 150
    stringexp      gå til tilstand 151
    stringexp2     gå til tilstand 152
    string_factor  gå til tilstand 153
    numlvalue2     gå til tilstand 154
    strlvalue2     gå til tilstand 155
    exp_list       gå til tilstand 324


Tilstand 162

   82 cursor_stat: cursorSYM numexp • commaSYM numexp

    commaSYM  skift, og gå til tilstand 325


Tilstand 163

  238 numexp2: stringexp2 • eqlSYM stringexp2
  239        | stringexp2 • neqSYM stringexp2
  240        | stringexp2 • lssSYM stringexp2
  241        | stringexp2 • gtrSYM stringexp2
  242        | stringexp2 • leqSYM stringexp2
  243        | stringexp2 • geqSYM stringexp2
  244        | stringexp2 • inSYM stringexp2
  261 stringexp2: stringexp2 • plusSYM string_factor
  263           | stringexp2 • timesSYM numexp2

    eqlSYM    skift, og gå til tilstand 312
    geqSYM    skift, og gå til tilstand 313
    gtrSYM    skift, og gå til tilstand 314
    inSYM     skift, og gå til tilstand 315
    leqSYM    skift, og gå til tilstand 316
    lssSYM    skift, og gå til tilstand 317
    neqSYM    skift, og gå til tilstand 318
    plusSYM   skift, og gå til tilstand 319
    timesSYM  skift, og gå til tilstand 320


Tilstand 164

  339 exp_list: exp •

    $default  reducer med regel 339 (exp_list)


Tilstand 165

   86 data_stat: dataSYM exp_list •
  338 exp_list: exp_list • commaSYM exp

    commaSYM  skift, og gå til tilstand 326

    $default  reducer med regel 86 (data_stat)


Tilstand 166

   91 del_stat: delSYM stringexp •

    $default  reducer med regel 91 (del_stat)


Tilstand 167

  334 numid: idSYM •

    $default  reducer med regel 334 (numid)


Tilstand 168

  335 numid: intidSYM •

    $default  reducer med regel 335 (numid)


Tilstand 169

  106 dim_item: stringidSYM • ofSYM numexp
  107         | stringidSYM • dim_ensions of numexp
  108         | stringidSYM • dim_ensions

    lparenSYM  skift, og gå til tilstand 327
    ofSYM      skift, og gå til tilstand 328

    dim_ensions  gå til tilstand 329


Tilstand 170

  102 dim_stat: dimSYM dim_list •
  103 dim_list: dim_list • commaSYM dim_item

    commaSYM  skift, og gå til tilstand 330

    $default  reducer med regel 102 (dim_stat)


Tilstand 171

  104 dim_list: dim_item •

    $default  reducer med regel 104 (dim_list)


Tilstand 172

  105 dim_item: numid • dim_ensions

    lparenSYM  skift, og gå til tilstand 327

    dim_ensions  gå til tilstand 331


Tilstand 173

  264 opt_stringexp: stringexp •

    $default  reducer med regel 264 (opt_stringexp)


Tilstand 174

   92 dir_stat: dirSYM opt_stringexp •

    $default  reducer med regel 92 (dir_stat)


Tilstand 175

   87 draw_stat: drawSYM exp_list •
  338 exp_list: exp_list • commaSYM exp

    commaSYM  skift, og gå til tilstand 326

    $default  reducer med regel 87 (draw_stat)


Tilstand 176

   89 play_stat: playSYM exp_list •
  338 exp_list: exp_list • commaSYM exp

    commaSYM  skift, og gå til tilstand 326

    $default  reducer med regel 89 (play_stat)


Tilstand 177

   88 tone_stat: toneSYM exp_list •
  338 exp_list: exp_list • commaSYM exp

    commaSYM  skift, og gå til tilstand 326

    $default  reducer med regel 88 (tone_stat)


Tilstand 178

   90 sleep_stat: sleepSYM exp_list •
  338 exp_list: exp_list • commaSYM exp

    commaSYM  skift, og gå til tilstand 326

    $default  reducer med regel 90 (sleep_stat)


Tilstand 179

  119 elif_stat: elifSYM numexp • optthen

    thenSYM  skift, og gå til tilstand 332

    $default  reducer med regel 347 (optthen)

    optthen  gå til tilstand 333


Tilstand 180

   68 complex_1word: endforSYM optnumlvalue •

    $default  reducer med regel 68 (complex_1word)


Tilstand 181

  283 optnumlvalue: numlvalue •

    $default  reducer med regel 283 (optnumlvalue)


Tilstand 182

  333 id: stringidSYM •

    $default  reducer med regel 333 (id)


Tilstand 183

   62 complex_1word: endfuncSYM optid •

    $default  reducer med regel 62 (complex_1word)


Tilstand 184

  287 optid: id •

    $default  reducer med regel 287 (optid)


Tilstand 185

  332 id: numid •

    $default  reducer med regel 332 (id)


Tilstand 186

  289 optid2: idSYM •

    $default  reducer med regel 289 (optid2)


Tilstand 187

   66 complex_1word: endprocSYM optid2 •

    $default  reducer med regel 66 (complex_1word)


Tilstand 188

  123 exec_stat: execSYM xid •

    $default  reducer med regel 123 (exec_stat)


Tilstand 189

  121 ifwhen: ifSYM •

    $default  reducer med regel 121 (ifwhen)


Tilstand 190

  122 ifwhen: whenSYM •

    $default  reducer med regel 122 (ifwhen)


Tilstand 191

  120 exit_stat: exitSYM ifwhen • numexp

    lparenSYM    skift, og gå til tilstand 128
    minusSYM     skift, og gå til tilstand 129
    plusSYM      skift, og gå til tilstand 130
    rndSYM       skift, og gå til tilstand 131
    sysSYM       skift, og gå til tilstand 132
    syssSYM      skift, og gå til tilstand 133
    rnSYM        skift, og gå til tilstand 134
    rsSYM        skift, og gå til tilstand 135
    tnrnSYM      skift, og gå til tilstand 136
    tnrsSYM      skift, og gå til tilstand 137
    tsrnSYM      skift, og gå til tilstand 138
    tonrsSYM     skift, og gå til tilstand 139
    tsrsSYM      skift, og gå til tilstand 140
    tsrsnSYM     skift, og gå til tilstand 141
    lenSYM       skift, og gå til tilstand 142
    floatnumSYM  skift, og gå til tilstand 143
    idSYM        skift, og gå til tilstand 144
    intidSYM     skift, og gå til tilstand 63
    stringidSYM  skift, og gå til tilstand 64
    intnumSYM    skift, og gå til tilstand 145
    stringSYM    skift, og gå til tilstand 146

    xid            gå til tilstand 147
    numexp         gå til tilstand 334
    numexp2        gå til tilstand 150
    stringexp2     gå til tilstand 163
    string_factor  gå til tilstand 153
    numlvalue2     gå til tilstand 154
    strlvalue2     gå til tilstand 155


Tilstand 192

  128 for_stat: forSYM numlvalue • assign1 numexp todownto numexp optstep optdo optsimple_stat

    becomesSYM  skift, og gå til tilstand 267
    eqlSYM      skift, og gå til tilstand 270

    assign1  gå til tilstand 335


Tilstand 193

  133 func_stat: funcSYM id • procfunc_head optclosed opt_external

    lparenSYM  skift, og gå til tilstand 336

    $default  reducer med regel 322 (procfunc_head)

    procfunc_head  gå til tilstand 337


Tilstand 194

  134 if_stat: ifSYM numexp • optthen optsimple_stat

    thenSYM  skift, og gå til tilstand 332

    $default  reducer med regel 347 (optthen)

    optthen  gå til tilstand 338


Tilstand 195

  136 import_stat: importSYM import_list •
  137 import_list: import_list • commaSYM oneparm

    commaSYM  skift, og gå til tilstand 339

    $default  reducer med regel 136 (import_stat)


Tilstand 196

  138 import_list: oneparm •

    $default  reducer med regel 138 (import_list)


Tilstand 197

  135 import_stat: importSYM id • colonSYM import_list
  330 oneparm: id •
  331        | id • lparenSYM opt_commalist rparenSYM

    colonSYM   skift, og gå til tilstand 340
    lparenSYM  skift, og gå til tilstand 341

    $default  reducer med regel 330 (oneparm)


Tilstand 198

  313 io_designator: fileSYM • numexp colonSYM
  314              | fileSYM • numexp commaSYM numexp colonSYM

    lparenSYM    skift, og gå til tilstand 128
    minusSYM     skift, og gå til tilstand 129
    plusSYM      skift, og gå til tilstand 130
    rndSYM       skift, og gå til tilstand 131
    sysSYM       skift, og gå til tilstand 132
    syssSYM      skift, og gå til tilstand 133
    rnSYM        skift, og gå til tilstand 134
    rsSYM        skift, og gå til tilstand 135
    tnrnSYM      skift, og gå til tilstand 136
    tnrsSYM      skift, og gå til tilstand 137
    tsrnSYM      skift, og gå til tilstand 138
    tonrsSYM     skift, og gå til tilstand 139
    tsrsSYM      skift, og gå til tilstand 140
    tsrsnSYM     skift, og gå til tilstand 141
    lenSYM       skift, og gå til tilstand 142
    floatnumSYM  skift, og gå til tilstand 143
    idSYM        skift, og gå til tilstand 144
    intidSYM     skift, og gå til tilstand 63
    stringidSYM  skift, og gå til tilstand 64
    intnumSYM    skift, og gå til tilstand 145
    stringSYM    skift, og gå til tilstand 146

    xid            gå til tilstand 147
    numexp         gå til tilstand 342
    numexp2        gå til tilstand 150
    stringexp2     gå til tilstand 163
    string_factor  gå til tilstand 153
    numlvalue2     gå til tilstand 154
    strlvalue2     gå til tilstand 155


Tilstand 199

  315 io_designator: queueSYM • numexp colonSYM
  316              | queueSYM • numexp commaSYM numexp colonSYM

    lparenSYM    skift, og gå til tilstand 128
    minusSYM     skift, og gå til tilstand 129
    plusSYM      skift, og gå til tilstand 130
    rndSYM       skift, og gå til tilstand 131
    sysSYM       skift, og gå til tilstand 132
    syssSYM      skift, og gå til tilstand 133
    rnSYM        skift, og gå til tilstand 134
    rsSYM        skift, og gå til tilstand 135
    tnrnSYM      skift, og gå til tilstand 136
    tnrsSYM      skift, og gå til tilstand 137
    tsrnSYM      skift, og gå til tilstand 138
    tonrsSYM     skift, og gå til tilstand 139
    tsrsSYM      skift, og gå til tilstand 140
    tsrsnSYM     skift, og gå til tilstand 141
    lenSYM       skift, og gå til tilstand 142
    floatnumSYM  skift, og gå til tilstand 143
    idSYM        skift, og gå til tilstand 144
    intidSYM     skift, og gå til tilstand 63
    stringidSYM  skift, og gå til tilstand 64
    intnumSYM    skift, og gå til tilstand 145
    stringSYM    skift, og gå til tilstand 146

    xid            gå til tilstand 147
    numexp         gå til tilstand 343
    numexp2        gå til tilstand 150
    stringexp2     gå til tilstand 163
    string_factor  gå til tilstand 153
    numlvalue2     gå til tilstand 154
    strlvalue2     gå til tilstand 155


Tilstand 200

  141 input_modifier: stringSYM • colonSYM

    colonSYM  skift, og gå til tilstand 344


Tilstand 201

  139 input_stat: inputSYM input_modifier • lval_list

    idSYM        skift, og gå til tilstand 144
    intidSYM     skift, og gå til tilstand 63
    stringidSYM  skift, og gå til tilstand 64

    xid         gå til tilstand 147
    lval_list   gå til tilstand 345
    lvalue      gå til tilstand 346
    numlvalue   gå til tilstand 347
    numlvalue2  gå til tilstand 124
    strlvalue   gå til tilstand 348
    strlvalue2  gå til tilstand 126


Tilstand 202

  140 input_modifier: io_designator •

    $default  reducer med regel 140 (input_modifier)


Tilstand 203

   98 local_item: stringidSYM •
   99           | stringidSYM • ofSYM numexp
  100           | stringidSYM • dim_ensions of numexp
  101           | stringidSYM • dim_ensions

    lparenSYM  skift, og gå til tilstand 327
    ofSYM      skift, og gå til tilstand 349

    $default  reducer med regel 98 (local_item)

    dim_ensions  gå til tilstand 350


Tilstand 204

   94 local_stat: localSYM local_list •
   95 local_list: local_list • commaSYM local_item

    commaSYM  skift, og gå til tilstand 351

    $default  reducer med regel 94 (local_stat)


Tilstand 205

   96 local_list: local_item •

    $default  reducer med regel 96 (local_list)


Tilstand 206

   97 local_item: numid • opt_dim_ensions

    lparenSYM  skift, og gå til tilstand 327

    $default  reducer med regel 112 (opt_dim_ensions)

    opt_dim_ensions  gå til tilstand 352
    dim_ensions      gå til tilstand 353


Tilstand 207

   85 mkdir_stat: mkdirSYM stringexp •

    $default  reducer med regel 85 (mkdir_stat)


Tilstand 208

  143 open_stat: openSYM fileSYM • numexp commaSYM stringexp commaSYM open_type

    lparenSYM    skift, og gå til tilstand 128
    minusSYM     skift, og gå til tilstand 129
    plusSYM      skift, og gå til tilstand 130
    rndSYM       skift, og gå til tilstand 131
    sysSYM       skift, og gå til tilstand 132
    syssSYM      skift, og gå til tilstand 133
    rnSYM        skift, og gå til tilstand 134
    rsSYM        skift, og gå til tilstand 135
    tnrnSYM      skift, og gå til tilstand 136
    tnrsSYM      skift, og gå til tilstand 137
    tsrnSYM      skift, og gå til tilstand 138
    tonrsSYM     skift, og gå til tilstand 139
    tsrsSYM      skift, og gå til tilstand 140
    tsrsnSYM     skift, og gå til tilstand 141
    lenSYM       skift, og gå til tilstand 142
    floatnumSYM  skift, og gå til tilstand 143
    idSYM        skift, og gå til tilstand 144
    intidSYM     skift, og gå til tilstand 63
    stringidSYM  skift, og gå til tilstand 64
    intnumSYM    skift, og gå til tilstand 145
    stringSYM    skift, og gå til tilstand 146

    xid            gå til tilstand 147
    numexp         gå til tilstand 354
    numexp2        gå til tilstand 150
    stringexp2     gå til tilstand 163
    string_factor  gå til tilstand 153
    numlvalue2     gå til tilstand 154
    strlvalue2     gå til tilstand 155


Tilstand 209

  144 open_stat: openSYM queueSYM • numexp commaSYM stringexp commaSYM queue_type

    lparenSYM    skift, og gå til tilstand 128
    minusSYM     skift, og gå til tilstand 129
    plusSYM      skift, og gå til tilstand 130
    rndSYM       skift, og gå til tilstand 131
    sysSYM       skift, og gå til tilstand 132
    syssSYM      skift, og gå til tilstand 133
    rnSYM        skift, og gå til tilstand 134
    rsSYM        skift, og gå til tilstand 135
    tnrnSYM      skift, og gå til tilstand 136
    tnrsSYM      skift, og gå til tilstand 137
    tsrnSYM      skift, og gå til tilstand 138
    tonrsSYM     skift, og gå til tilstand 139
    tsrsSYM      skift, og gå til tilstand 140
    tsrsnSYM     skift, og gå til tilstand 141
    lenSYM       skift, og gå til tilstand 142
    floatnumSYM  skift, og gå til tilstand 143
    idSYM        skift, og gå til tilstand 144
    intidSYM     skift, og gå til tilstand 63
    stringidSYM  skift, og gå til tilstand 64
    intnumSYM    skift, og gå til tilstand 145
    stringSYM    skift, og gå til tilstand 146

    xid            gå til tilstand 147
    numexp         gå til tilstand 355
    numexp2        gå til tilstand 150
    stringexp2     gå til tilstand 163
    string_factor  gå til tilstand 153
    numlvalue2     gå til tilstand 154
    strlvalue2     gå til tilstand 155


Tilstand 210

  151 os_stat: osSYM stringexp •

    $default  reducer med regel 151 (os_stat)


Tilstand 211

  166 proc_stat: procSYM idSYM • procfunc_head optclosed opt_external

    lparenSYM  skift, og gå til tilstand 336

    $default  reducer med regel 322 (procfunc_head)

    procfunc_head  gå til tilstand 356


Tilstand 212

  311 file_designator: fileSYM • numexp colonSYM
  312                | fileSYM • numexp commaSYM numexp colonSYM

    lparenSYM    skift, og gå til tilstand 128
    minusSYM     skift, og gå til tilstand 129
    plusSYM      skift, og gå til tilstand 130
    rndSYM       skift, og gå til tilstand 131
    sysSYM       skift, og gå til tilstand 132
    syssSYM      skift, og gå til tilstand 133
    rnSYM        skift, og gå til tilstand 134
    rsSYM        skift, og gå til tilstand 135
    tnrnSYM      skift, og gå til tilstand 136
    tnrsSYM      skift, og gå til tilstand 137
    tsrnSYM      skift, og gå til tilstand 138
    tonrsSYM     skift, og gå til tilstand 139
    tsrsSYM      skift, og gå til tilstand 140
    tsrsnSYM     skift, og gå til tilstand 141
    lenSYM       skift, og gå til tilstand 142
    floatnumSYM  skift, og gå til tilstand 143
    idSYM        skift, og gå til tilstand 144
    intidSYM     skift, og gå til tilstand 63
    stringidSYM  skift, og gå til tilstand 64
    intnumSYM    skift, og gå til tilstand 145
    stringSYM    skift, og gå til tilstand 146

    xid            gå til tilstand 147
    numexp         gå til tilstand 357
    numexp2        gå til tilstand 150
    stringexp2     gå til tilstand 163
    string_factor  gå til tilstand 153
    numlvalue2     gå til tilstand 154
    strlvalue2     gå til tilstand 155


Tilstand 213

  167 read_stat: readSYM optfile • lval_list

    idSYM        skift, og gå til tilstand 144
    intidSYM     skift, og gå til tilstand 63
    stringidSYM  skift, og gå til tilstand 64

    xid         gå til tilstand 147
    lval_list   gå til tilstand 358
    lvalue      gå til tilstand 346
    numlvalue   gå til tilstand 347
    numlvalue2  gå til tilstand 124
    strlvalue   gå til tilstand 348
    strlvalue2  gå til tilstand 126


Tilstand 214

  291 optfile: file_designator •

    $default  reducer med regel 291 (optfile)


Tilstand 215

   76 simple_1word: exitSYM •

    $default  reducer med regel 76 (simple_1word)


Tilstand 216

  176 trap_stat: trapSYM • escSYM plusorminus

    escSYM  skift, og gå til tilstand 230


Tilstand 217

  198 repeat_stat: repeatSYM simple_stat • untilSYM numexp

    untilSYM  skift, og gå til tilstand 359


Tilstand 218

  168 restore_stat: restoreSYM optid2 •

    $default  reducer med regel 168 (restore_stat)


Tilstand 219

  285 optexp: exp •

    $default  reducer med regel 285 (optexp)


Tilstand 220

  169 return_stat: returnSYM optexp •

    $default  reducer med regel 169 (return_stat)


Tilstand 221

   84 rmdir_stat: rmdirSYM stringexp •

    $default  reducer med regel 84 (rmdir_stat)


Tilstand 222

  171 select_in_stat: select_inputSYM stringexp •

    $default  reducer med regel 171 (select_in_stat)


Tilstand 223

  170 select_out_stat: select_outputSYM stringexp •

    $default  reducer med regel 170 (select_out_stat)


Tilstand 224

  173 stop_stat: stopSYM spawnSYM • numexp

    lparenSYM    skift, og gå til tilstand 128
    minusSYM     skift, og gå til tilstand 129
    plusSYM      skift, og gå til tilstand 130
    rndSYM       skift, og gå til tilstand 131
    sysSYM       skift, og gå til tilstand 132
    syssSYM      skift, og gå til tilstand 133
    rnSYM        skift, og gå til tilstand 134
    rsSYM        skift, og gå til tilstand 135
    tnrnSYM      skift, og gå til tilstand 136
    tnrsSYM      skift, og gå til tilstand 137
    tsrnSYM      skift, og gå til tilstand 138
    tonrsSYM     skift, og gå til tilstand 139
    tsrsSYM      skift, og gå til tilstand 140
    tsrsnSYM     skift, og gå til tilstand 141
    lenSYM       skift, og gå til tilstand 142
    floatnumSYM  skift, og gå til tilstand 143
    idSYM        skift, og gå til tilstand 144
    intidSYM     skift, og gå til tilstand 63
    stringidSYM  skift, og gå til tilstand 64
    intnumSYM    skift, og gå til tilstand 145
    stringSYM    skift, og gå til tilstand 146

    xid            gå til tilstand 147
    numexp         gå til tilstand 360
    numexp2        gå til tilstand 150
    stringexp2     gå til tilstand 163
    string_factor  gå til tilstand 153
    numlvalue2     gå til tilstand 154
    strlvalue2     gå til tilstand 155


Tilstand 225

  172 stop_stat: stopSYM optexp •

    $default  reducer med regel 172 (stop_stat)


Tilstand 226

  124 spawn_stat: spawnSYM xid •
  301 numlvalue2: xid •

    eolnSYM   reducer med regel 124 (spawn_stat)
    untilSYM  reducer med regel 124 (spawn_stat)
    remSYM    reducer med regel 124 (spawn_stat)
    $default  reducer med regel 301 (numlvalue2)


Tilstand 227

  125 spawn_stat: spawnSYM numexp • colonSYM xid

    colonSYM  skift, og gå til tilstand 361


Tilstand 228

  127 wait_stat: waitSYM numexp •

    $default  reducer med regel 127 (wait_stat)


Tilstand 229

  174 sys_stat: sysSYM exp_list •
  338 exp_list: exp_list • commaSYM exp

    commaSYM  skift, og gå til tilstand 326

    $default  reducer med regel 174 (sys_stat)


Tilstand 230

  176 trap_stat: trapSYM escSYM • plusorminus

    minusSYM  skift, og gå til tilstand 362
    plusSYM   skift, og gå til tilstand 363

    plusorminus  gå til tilstand 364


Tilstand 231

   93 unit_stat: unitSYM stringexp •

    $default  reducer med regel 93 (unit_stat)


Tilstand 232

  175 until_stat: untilSYM numexp •

    $default  reducer med regel 175 (until_stat)


Tilstand 233

  193 relop: eqlSYM •

    $default  reducer med regel 193 (relop)


Tilstand 234

  195 relop: geqSYM •

    $default  reducer med regel 195 (relop)


Tilstand 235

  191 relop: gtrSYM •

    $default  reducer med regel 191 (relop)


Tilstand 236

  190 when_stritem: inSYM • stringexp

    lparenSYM    skift, og gå til tilstand 156
    syssSYM      skift, og gå til tilstand 133
    rsSYM        skift, og gå til tilstand 135
    tnrsSYM      skift, og gå til tilstand 137
    tonrsSYM     skift, og gå til tilstand 139
    tsrsSYM      skift, og gå til tilstand 140
    tsrsnSYM     skift, og gå til tilstand 141
    stringidSYM  skift, og gå til tilstand 64
    stringSYM    skift, og gå til tilstand 146

    stringexp      gå til tilstand 365
    stringexp2     gå til tilstand 158
    string_factor  gå til tilstand 153
    strlvalue2     gå til tilstand 155


Tilstand 237

  196 relop: leqSYM •

    $default  reducer med regel 196 (relop)


Tilstand 238

  192 relop: lssSYM •

    $default  reducer med regel 192 (relop)


Tilstand 239

  194 relop: neqSYM •

    $default  reducer med regel 194 (relop)


Tilstand 240

  179 when_stat: whenSYM when_list •

    $default  reducer med regel 179 (when_stat)


Tilstand 241

  180 when_list: when_numlist •
  182 when_numlist: when_numlist • commaSYM when_numitem

    commaSYM  skift, og gå til tilstand 366

    $default  reducer med regel 180 (when_list)


Tilstand 242

  183 when_numlist: when_numitem •

    $default  reducer med regel 183 (when_numlist)


Tilstand 243

  181 when_list: when_strlist •
  186 when_strlist: when_strlist • commaSYM when_stritem

    commaSYM  skift, og gå til tilstand 367

    $default  reducer med regel 181 (when_list)


Tilstand 244

  187 when_strlist: when_stritem •

    $default  reducer med regel 187 (when_strlist)


Tilstand 245

  184 when_numitem: relop • numexp
  188 when_stritem: relop • stringexp

    lparenSYM    skift, og gå til tilstand 128
    minusSYM     skift, og gå til tilstand 129
    plusSYM      skift, og gå til tilstand 130
    rndSYM       skift, og gå til tilstand 131
    sysSYM       skift, og gå til tilstand 132
    syssSYM      skift, og gå til tilstand 133
    rnSYM        skift, og gå til tilstand 134
    rsSYM        skift, og gå til tilstand 135
    tnrnSYM      skift, og gå til tilstand 136
    tnrsSYM      skift, og gå til tilstand 137
    tsrnSYM      skift, og gå til tilstand 138
    tonrsSYM     skift, og gå til tilstand 139
    tsrsSYM      skift, og gå til tilstand 140
    tsrsnSYM     skift, og gå til tilstand 141
    lenSYM       skift, og gå til tilstand 142
    floatnumSYM  skift, og gå til tilstand 143
    idSYM        skift, og gå til tilstand 144
    intidSYM     skift, og gå til tilstand 63
    stringidSYM  skift, og gå til tilstand 64
    intnumSYM    skift, og gå til tilstand 145
    stringSYM    skift, og gå til tilstand 146

    xid            gå til tilstand 147
    numexp         gå til tilstand 368
    numexp2        gå til tilstand 150
    stringexp      gå til tilstand 369
    stringexp2     gå til tilstand 152
    string_factor  gå til tilstand 153
    numlvalue2     gå til tilstand 154
    strlvalue2     gå til tilstand 155


Tilstand 246

  185 when_numitem: numexp •

    $default  reducer med regel 185 (when_numitem)


Tilstand 247

  189 when_stritem: stringexp •

    $default  reducer med regel 189 (when_stritem)


Tilstand 248

  197 while_stat: whileSYM numexp • optdo optsimple_stat

    doSYM  skift, og gå til tilstand 370

    $default  reducer med regel 345 (optdo)

    optdo  gå til tilstand 371


Tilstand 249

  199 write_stat: writeSYM file_designator • exp_list

    lparenSYM    skift, og gå til tilstand 128
    minusSYM     skift, og gå til tilstand 129
    plusSYM      skift, og gå til tilstand 130
    rndSYM       skift, og gå til tilstand 131
    sysSYM       skift, og gå til tilstand 132
    syssSYM      skift, og gå til tilstand 133
    rnSYM        skift, og gå til tilstand 134
    rsSYM        skift, og gå til tilstand 135
    tnrnSYM      skift, og gå til tilstand 136
    tnrsSYM      skift, og gå til tilstand 137
    tsrnSYM      skift, og gå til tilstand 138
    tonrsSYM     skift, og gå til tilstand 139
    tsrsSYM      skift, og gå til tilstand 140
    tsrsnSYM     skift, og gå til tilstand 141
    lenSYM       skift, og gå til tilstand 142
    floatnumSYM  skift, og gå til tilstand 143
    idSYM        skift, og gå til tilstand 144
    intidSYM     skift, og gå til tilstand 63
    stringidSYM  skift, og gå til tilstand 64
    intnumSYM    skift, og gå til tilstand 145
    stringSYM    skift, og gå til tilstand 146

    xid            gå til tilstand 147
    exp            gå til tilstand 164
    numexp         gå til tilstand 149
    numexp2        gå til tilstand 150
    stringexp      gå til tilstand 151
    stringexp2     gå til tilstand 152
    string_factor  gå til tilstand 153
    numlvalue2     gå til tilstand 154
    strlvalue2     gå til tilstand 155
    exp_list       gå til tilstand 372


Tilstand 250

  213 label_stat: idSYM colonSYM •

    $default  reducer med regel 213 (label_stat)


Tilstand 251

  215 xid: idSYM lparenSYM • exp_list rparenSYM
  216    | idSYM lparenSYM • opt_commalist rparenSYM

    lparenSYM    skift, og gå til tilstand 128
    minusSYM     skift, og gå til tilstand 129
    plusSYM      skift, og gå til tilstand 130
    rndSYM       skift, og gå til tilstand 131
    sysSYM       skift, og gå til tilstand 132
    syssSYM      skift, og gå til tilstand 133
    rnSYM        skift, og gå til tilstand 134
    rsSYM        skift, og gå til tilstand 135
    tnrnSYM      skift, og gå til tilstand 136
    tnrsSYM      skift, og gå til tilstand 137
    tsrnSYM      skift, og gå til tilstand 138
    tonrsSYM     skift, og gå til tilstand 139
    tsrsSYM      skift, og gå til tilstand 140
    tsrsnSYM     skift, og gå til tilstand 141
    lenSYM       skift, og gå til tilstand 142
    floatnumSYM  skift, og gå til tilstand 143
    idSYM        skift, og gå til tilstand 144
    intidSYM     skift, og gå til tilstand 63
    stringidSYM  skift, og gå til tilstand 64
    intnumSYM    skift, og gå til tilstand 145
    stringSYM    skift, og gå til tilstand 146

    $default  reducer med regel 337 (opt_commalist)

    xid            gå til tilstand 147
    exp            gå til tilstand 164
    numexp         gå til tilstand 149
    numexp2        gå til tilstand 150
    stringexp      gå til tilstand 151
    stringexp2     gå til tilstand 152
    string_factor  gå til tilstand 153
    numlvalue2     gå til tilstand 154
    strlvalue2     gå til tilstand 155
    opt_commalist  gå til tilstand 373
    exp_list       gå til tilstand 374


Tilstand 252

  303 numlvalue2: intidSYM lparenSYM • exp_list rparenSYM
  304           | intidSYM lparenSYM • opt_commalist rparenSYM

    lparenSYM    skift, og gå til tilstand 128
    minusSYM     skift, og gå til tilstand 129
    plusSYM      skift, og gå til tilstand 130
    rndSYM       skift, og gå til tilstand 131
    sysSYM       skift, og gå til tilstand 132
    syssSYM      skift, og gå til tilstand 133
    rnSYM        skift, og gå til tilstand 134
    rsSYM        skift, og gå til tilstand 135
    tnrnSYM      skift, og gå til tilstand 136
    tnrsSYM      skift, og gå til tilstand 137
    tsrnSYM      skift, og gå til tilstand 138
    tonrsSYM     skift, og gå til tilstand 139
    tsrsSYM      skift, og gå til tilstand 140
    tsrsnSYM     skift, og gå til tilstand 141
    lenSYM       skift, og gå til tilstand 142
    floatnumSYM  skift, og gå til tilstand 143
    idSYM        skift, og gå til tilstand 144
    intidSYM     skift, og gå til tilstand 63
    stringidSYM  skift, og gå til tilstand 64
    intnumSYM    skift, og gå til tilstand 145
    stringSYM    skift, og gå til tilstand 146

    $default  reducer med regel 337 (opt_commalist)

    xid            gå til tilstand 147
    exp            gå til tilstand 164
    numexp         gå til tilstand 149
    numexp2        gå til tilstand 150
    stringexp      gå til tilstand 151
    stringexp2     gå til tilstand 152
    string_factor  gå til tilstand 153
    numlvalue2     gå til tilstand 154
    strlvalue2     gå til tilstand 155
    opt_commalist  gå til tilstand 375
    exp_list       gå til tilstand 376


Tilstand 253

  278 substr_spec: lparenSYM • substr_spec2 rparenSYM
  307 strlvalue2: stringidSYM lparenSYM • exp_list rparenSYM
  309           | stringidSYM lparenSYM • exp_list rparenSYM substr_spec
  310           | stringidSYM lparenSYM • opt_commalist rparenSYM

    colonSYM     skift, og gå til tilstand 377
    lparenSYM    skift, og gå til tilstand 128
    minusSYM     skift, og gå til tilstand 129
    plusSYM      skift, og gå til tilstand 130
    rndSYM       skift, og gå til tilstand 131
    sysSYM       skift, og gå til tilstand 132
    syssSYM      skift, og gå til tilstand 133
    rnSYM        skift, og gå til tilstand 134
    rsSYM        skift, og gå til tilstand 135
    tnrnSYM      skift, og gå til tilstand 136
    tnrsSYM      skift, og gå til tilstand 137
    tsrnSYM      skift, og gå til tilstand 138
    tonrsSYM     skift, og gå til tilstand 139
    tsrsSYM      skift, og gå til tilstand 140
    tsrsnSYM     skift, og gå til tilstand 141
    lenSYM       skift, og gå til tilstand 142
    floatnumSYM  skift, og gå til tilstand 143
    idSYM        skift, og gå til tilstand 144
    intidSYM     skift, og gå til tilstand 63
    stringidSYM  skift, og gå til tilstand 64
    intnumSYM    skift, og gå til tilstand 145
    stringSYM    skift, og gå til tilstand 146

    $default  reducer med regel 337 (opt_commalist)

    xid            gå til tilstand 147
    exp            gå til tilstand 164
    numexp         gå til tilstand 378
    numexp2        gå til tilstand 150
    stringexp      gå til tilstand 151
    stringexp2     gå til tilstand 152
    string_factor  gå til tilstand 153
    substr_spec2   gå til tilstand 379
    numlvalue2     gå til tilstand 154
    strlvalue2     gå til tilstand 155
    opt_commalist  gå til tilstand 380
    exp_list       gå til tilstand 381


Tilstand 254

  308 strlvalue2: stringidSYM substr_spec •

    $default  reducer med regel 308 (strlvalue2)


Tilstand 255

    3 comal_line: intnumSYM program_line • optrem

    remSYM  skift, og gå til tilstand 66

    $default  reducer med regel 8 (optrem)

    optrem  gå til tilstand 382


Tilstand 256

    9 program_line: complex_stat •

    $default  reducer med regel 9 (program_line)


Tilstand 257

   10 program_line: simple_stat •

    $default  reducer med regel 10 (program_line)


Tilstand 258

    0 $accept: a_comal_line $end •

    $default  accepter


Tilstand 259

    1 a_comal_line: comal_line eolnSYM •

    $default  reducer med regel 1 (a_comal_line)


Tilstand 260

    4 comal_line: complex_stat optrem •

    $default  reducer med regel 4 (comal_line)


Tilstand 261

    5 comal_line: simple_stat optrem •

    $default  reducer med regel 5 (comal_line)


Tilstand 262

  154 print_stat: printi usingSYM • stringexp colonSYM prnum_list optpr_sep

    lparenSYM    skift, og gå til tilstand 156
    syssSYM      skift, og gå til tilstand 133
    rsSYM        skift, og gå til tilstand 135
    tnrsSYM      skift, og gå til tilstand 137
    tonrsSYM     skift, og gå til tilstand 139
    tsrsSYM      skift, og gå til tilstand 140
    tsrsnSYM     skift, og gå til tilstand 141
    stringidSYM  skift, og gå til tilstand 64
    stringSYM    skift, og gå til tilstand 146

    stringexp      gå til tilstand 383
    stringexp2     gå til tilstand 158
    string_factor  gå til tilstand 153
    strlvalue2     gå til tilstand 155


Tilstand 263

  153 print_stat: printi print_list • optpr_sep
  160 print_list: print_list • pr_sep exp

    commaSYM      skift, og gå til tilstand 384
    semicolonSYM  skift, og gå til tilstand 385

    $default  reducer med regel 165 (optpr_sep)

    pr_sep     gå til tilstand 386
    optpr_sep  gå til tilstand 387


Tilstand 264

  161 print_list: exp •

    $default  reducer med regel 161 (print_list)


Tilstand 265

  155 print_stat: printi io_designator • print_list

    lparenSYM    skift, og gå til tilstand 128
    minusSYM     skift, og gå til tilstand 129
    plusSYM      skift, og gå til tilstand 130
    rndSYM       skift, og gå til tilstand 131
    sysSYM       skift, og gå til tilstand 132
    syssSYM      skift, og gå til tilstand 133
    rnSYM        skift, og gå til tilstand 134
    rsSYM        skift, og gå til tilstand 135
    tnrnSYM      skift, og gå til tilstand 136
    tnrsSYM      skift, og gå til tilstand 137
    tsrnSYM      skift, og gå til tilstand 138
    tonrsSYM     skift, og gå til tilstand 139
    tsrsSYM      skift, og gå til tilstand 140
    tsrsnSYM     skift, og gå til tilstand 141
    lenSYM       skift, og gå til tilstand 142
    floatnumSYM  skift, og gå til tilstand 143
    idSYM        skift, og gå til tilstand 144
    intidSYM     skift, og gå til tilstand 63
    stringidSYM  skift, og gå til tilstand 64
    intnumSYM    skift, og gå til tilstand 145
    stringSYM    skift, og gå til tilstand 146

    print_list     gå til tilstand 388
    xid            gå til tilstand 147
    exp            gå til tilstand 264
    numexp         gå til tilstand 149
    numexp2        gå til tilstand 150
    stringexp      gå til tilstand 151
    stringexp2     gå til tilstand 152
    string_factor  gå til tilstand 153
    numlvalue2     gå til tilstand 154
    strlvalue2     gå til tilstand 155


Tilstand 266

  201 assign_list: assign_list semicolonSYM • assign_item

    idSYM        skift, og gå til tilstand 144
    intidSYM     skift, og gå til tilstand 63
    stringidSYM  skift, og gå til tilstand 64

    assign_item  gå til tilstand 389
    xid          gå til tilstand 147
    numlvalue    gå til tilstand 123
    numlvalue2   gå til tilstand 124
    strlvalue    gå til tilstand 125
    strlvalue2   gå til tilstand 126


Tilstand 267

  210 assign1: becomesSYM •

    $default  reducer med regel 210 (assign1)


Tilstand 268

  211 assign2: becplusSYM •

    $default  reducer med regel 211 (assign2)


Tilstand 269

  212 assign2: becminusSYM •

    $default  reducer med regel 212 (assign2)


Tilstand 270

  209 assign1: eqlSYM •

    $default  reducer med regel 209 (assign1)


Tilstand 271

  203 assign_item: numlvalue nassign • numexp

    lparenSYM    skift, og gå til tilstand 128
    minusSYM     skift, og gå til tilstand 129
    plusSYM      skift, og gå til tilstand 130
    rndSYM       skift, og gå til tilstand 131
    sysSYM       skift, og gå til tilstand 132
    syssSYM      skift, og gå til tilstand 133
    rnSYM        skift, og gå til tilstand 134
    rsSYM        skift, og gå til tilstand 135
    tnrnSYM      skift, og gå til tilstand 136
    tnrsSYM      skift, og gå til tilstand 137
    tsrnSYM      skift, og gå til tilstand 138
    tonrsSYM     skift, og gå til tilstand 139
    tsrsSYM      skift, og gå til tilstand 140
    tsrsnSYM     skift, og gå til tilstand 141
    lenSYM       skift, og gå til tilstand 142
    floatnumSYM  skift, og gå til tilstand 143
    idSYM        skift, og gå til tilstand 144
    intidSYM     skift, og gå til tilstand 63
    stringidSYM  skift, og gå til tilstand 64
    intnumSYM    skift, og gå til tilstand 145
    stringSYM    skift, og gå til tilstand 146

    xid            gå til tilstand 147
    numexp         gå til tilstand 390
    numexp2        gå til tilstand 150
    stringexp2     gå til tilstand 163
    string_factor  gå til tilstand 153
    numlvalue2     gå til tilstand 154
    strlvalue2     gå til tilstand 155


Tilstand 272

  205 nassign: assign1 •

    $default  reducer med regel 205 (nassign)


Tilstand 273

  206 nassign: assign2 •

    $default  reducer med regel 206 (nassign)


Tilstand 274

  208 sassign: becplusSYM •

    $default  reducer med regel 208 (sassign)


Tilstand 275

  204 assign_item: strlvalue sassign • stringexp

    lparenSYM    skift, og gå til tilstand 156
    syssSYM      skift, og gå til tilstand 133
    rsSYM        skift, og gå til tilstand 135
    tnrsSYM      skift, og gå til tilstand 137
    tonrsSYM     skift, og gå til tilstand 139
    tsrsSYM      skift, og gå til tilstand 140
    tsrsnSYM     skift, og gå til tilstand 141
    stringidSYM  skift, og gå til tilstand 64
    stringSYM    skift, og gå til tilstand 146

    stringexp      gå til tilstand 391
    stringexp2     gå til tilstand 158
    string_factor  gå til tilstand 153
    strlvalue2     gå til tilstand 155


Tilstand 276

  207 sassign: assign1 •

    $default  reducer med regel 207 (sassign)


Tilstand 277

  220 numexp2: numexp2 • eqlSYM numexp2
  221        | numexp2 • neqSYM numexp2
  222        | numexp2 • lssSYM numexp2
  223        | numexp2 • gtrSYM numexp2
  224        | numexp2 • leqSYM numexp2
  225        | numexp2 • geqSYM numexp2
  226        | numexp2 • andSYM numexp2
  227        | numexp2 • andthenSYM numexp2
  228        | numexp2 • orSYM numexp2
  229        | numexp2 • orthenSYM numexp2
  230        | numexp2 • eorSYM numexp2
  231        | numexp2 • plusSYM numexp2
  232        | numexp2 • minusSYM numexp2
  233        | numexp2 • timesSYM numexp2
  234        | numexp2 • divideSYM numexp2
  235        | numexp2 • powerSYM numexp2
  236        | numexp2 • divSYM numexp2
  237        | numexp2 • modSYM numexp2
  259        | lparenSYM numexp2 • rparenSYM

    andSYM      skift, og gå til tilstand 294
    andthenSYM  skift, og gå til tilstand 295
    divideSYM   skift, og gå til tilstand 296
    divSYM      skift, og gå til tilstand 297
    eorSYM      skift, og gå til tilstand 298
    eqlSYM      skift, og gå til tilstand 299
    geqSYM      skift, og gå til tilstand 300
    gtrSYM      skift, og gå til tilstand 301
    leqSYM      skift, og gå til tilstand 302
    lssSYM      skift, og gå til tilstand 303
    minusSYM    skift, og gå til tilstand 304
    modSYM      skift, og gå til tilstand 305
    neqSYM      skift, og gå til tilstand 306
    orSYM       skift, og gå til tilstand 307
    orthenSYM   skift, og gå til tilstand 308
    plusSYM     skift, og gå til tilstand 309
    powerSYM    skift, og gå til tilstand 310
    rparenSYM   skift, og gå til tilstand 392
    timesSYM    skift, og gå til tilstand 311


Tilstand 278

  238 numexp2: stringexp2 • eqlSYM stringexp2
  239        | stringexp2 • neqSYM stringexp2
  240        | stringexp2 • lssSYM stringexp2
  241        | stringexp2 • gtrSYM stringexp2
  242        | stringexp2 • leqSYM stringexp2
  243        | stringexp2 • geqSYM stringexp2
  244        | stringexp2 • inSYM stringexp2
  261 stringexp2: stringexp2 • plusSYM string_factor
  263           | stringexp2 • timesSYM numexp2
  275 string_factor: lparenSYM stringexp2 • rparenSYM

    eqlSYM     skift, og gå til tilstand 312
    geqSYM     skift, og gå til tilstand 313
    gtrSYM     skift, og gå til tilstand 314
    inSYM      skift, og gå til tilstand 315
    leqSYM     skift, og gå til tilstand 316
    lssSYM     skift, og gå til tilstand 317
    neqSYM     skift, og gå til tilstand 318
    plusSYM    skift, og gå til tilstand 319
    rparenSYM  skift, og gå til tilstand 393
    timesSYM   skift, og gå til tilstand 320


Tilstand 279

  220 numexp2: numexp2 • eqlSYM numexp2
  221        | numexp2 • neqSYM numexp2
  222        | numexp2 • lssSYM numexp2
  223        | numexp2 • gtrSYM numexp2
  224        | numexp2 • leqSYM numexp2
  225        | numexp2 • geqSYM numexp2
  226        | numexp2 • andSYM numexp2
  227        | numexp2 • andthenSYM numexp2
  228        | numexp2 • orSYM numexp2
  229        | numexp2 • orthenSYM numexp2
  230        | numexp2 • eorSYM numexp2
  231        | numexp2 • plusSYM numexp2
  232        | numexp2 • minusSYM numexp2
  233        | numexp2 • timesSYM numexp2
  234        | numexp2 • divideSYM numexp2
  235        | numexp2 • powerSYM numexp2
  236        | numexp2 • divSYM numexp2
  237        | numexp2 • modSYM numexp2
  245        | minusSYM numexp2 •

    $default  reducer med regel 245 (numexp2)


Tilstand 280

  220 numexp2: numexp2 • eqlSYM numexp2
  221        | numexp2 • neqSYM numexp2
  222        | numexp2 • lssSYM numexp2
  223        | numexp2 • gtrSYM numexp2
  224        | numexp2 • leqSYM numexp2
  225        | numexp2 • geqSYM numexp2
  226        | numexp2 • andSYM numexp2
  227        | numexp2 • andthenSYM numexp2
  228        | numexp2 • orSYM numexp2
  229        | numexp2 • orthenSYM numexp2
  230        | numexp2 • eorSYM numexp2
  231        | numexp2 • plusSYM numexp2
  232        | numexp2 • minusSYM numexp2
  233        | numexp2 • timesSYM numexp2
  234        | numexp2 • divideSYM numexp2
  235        | numexp2 • powerSYM numexp2
  236        | numexp2 • divSYM numexp2
  237        | numexp2 • modSYM numexp2
  246        | plusSYM numexp2 •

    $default  reducer med regel 246 (numexp2)


Tilstand 281

  255 numexp2: rndSYM lparenSYM • numexp2 rparenSYM
  256        | rndSYM lparenSYM • numexp2 commaSYM numexp2 rparenSYM

    lparenSYM    skift, og gå til tilstand 128
    minusSYM     skift, og gå til tilstand 129
    plusSYM      skift, og gå til tilstand 130
    rndSYM       skift, og gå til tilstand 131
    sysSYM       skift, og gå til tilstand 132
    syssSYM      skift, og gå til tilstand 133
    rnSYM        skift, og gå til tilstand 134
    rsSYM        skift, og gå til tilstand 135
    tnrnSYM      skift, og gå til tilstand 136
    tnrsSYM      skift, og gå til tilstand 137
    tsrnSYM      skift, og gå til tilstand 138
    tonrsSYM     skift, og gå til tilstand 139
    tsrsSYM      skift, og gå til tilstand 140
    tsrsnSYM     skift, og gå til tilstand 141
    lenSYM       skift, og gå til tilstand 142
    floatnumSYM  skift, og gå til tilstand 143
    idSYM        skift, og gå til tilstand 144
    intidSYM     skift, og gå til tilstand 63
    stringidSYM  skift, og gå til tilstand 64
    intnumSYM    skift, og gå til tilstand 145
    stringSYM    skift, og gå til tilstand 146

    xid            gå til tilstand 147
    numexp2        gå til tilstand 394
    stringexp2     gå til tilstand 163
    string_factor  gå til tilstand 153
    numlvalue2     gå til tilstand 154
    strlvalue2     gå til tilstand 155


Tilstand 282

  258 numexp2: sysSYM lparenSYM • exp_list rparenSYM

    lparenSYM    skift, og gå til tilstand 128
    minusSYM     skift, og gå til tilstand 129
    plusSYM      skift, og gå til tilstand 130
    rndSYM       skift, og gå til tilstand 131
    sysSYM       skift, og gå til tilstand 132
    syssSYM      skift, og gå til tilstand 133
    rnSYM        skift, og gå til tilstand 134
    rsSYM        skift, og gå til tilstand 135
    tnrnSYM      skift, og gå til tilstand 136
    tnrsSYM      skift, og gå til tilstand 137
    tsrnSYM      skift, og gå til tilstand 138
    tonrsSYM     skift, og gå til tilstand 139
    tsrsSYM      skift, og gå til tilstand 140
    tsrsnSYM     skift, og gå til tilstand 141
    lenSYM       skift, og gå til tilstand 142
    floatnumSYM  skift, og gå til tilstand 143
    idSYM        skift, og gå til tilstand 144
    intidSYM     skift, og gå til tilstand 63
    stringidSYM  skift, og gå til tilstand 64
    intnumSYM    skift, og gå til tilstand 145
    stringSYM    skift, og gå til tilstand 146

    xid            gå til tilstand 147
    exp            gå til tilstand 164
    numexp         gå til tilstand 149
    numexp2        gå til tilstand 150
    stringexp      gå til tilstand 151
    stringexp2     gå til tilstand 152
    string_factor  gå til tilstand 153
    numlvalue2     gå til tilstand 154
    strlvalue2     gå til tilstand 155
    exp_list       gå til tilstand 395


Tilstand 283

  273 string_factor: syssSYM lparenSYM • exp_list rparenSYM

    lparenSYM    skift, og gå til tilstand 128
    minusSYM     skift, og gå til tilstand 129
    plusSYM      skift, og gå til tilstand 130
    rndSYM       skift, og gå til tilstand 131
    sysSYM       skift, og gå til tilstand 132
    syssSYM      skift, og gå til tilstand 133
    rnSYM        skift, og gå til tilstand 134
    rsSYM        skift, og gå til tilstand 135
    tnrnSYM      skift, og gå til tilstand 136
    tnrsSYM      skift, og gå til tilstand 137
    tsrnSYM      skift, og gå til tilstand 138
    tonrsSYM     skift, og gå til tilstand 139
    tsrsSYM      skift, og gå til tilstand 140
    tsrsnSYM     skift, og gå til tilstand 141
    lenSYM       skift, og gå til tilstand 142
    floatnumSYM  skift, og gå til tilstand 143
    idSYM        skift, og gå til tilstand 144
    intidSYM     skift, og gå til tilstand 63
    stringidSYM  skift, og gå til tilstand 64
    intnumSYM    skift, og gå til tilstand 145
    stringSYM    skift, og gå til tilstand 146

    xid            gå til tilstand 147
    exp            gå til tilstand 164
    numexp         gå til tilstand 149
    numexp2        gå til tilstand 150
    stringexp      gå til tilstand 151
    stringexp2     gå til tilstand 152
    string_factor  gå til tilstand 153
    numlvalue2     gå til tilstand 154
    strlvalue2     gå til tilstand 155
    exp_list       gå til tilstand 396


Tilstand 284

  253 numexp2: tnrnSYM lparenSYM • numexp2 rparenSYM

    lparenSYM    skift, og gå til tilstand 128
    minusSYM     skift, og gå til tilstand 129
    plusSYM      skift, og gå til tilstand 130
    rndSYM       skift, og gå til tilstand 131
    sysSYM       skift, og gå til tilstand 132
    syssSYM      skift, og gå til tilstand 133
    rnSYM        skift, og gå til tilstand 134
    rsSYM        skift, og gå til tilstand 135
    tnrnSYM      skift, og gå til tilstand 136
    tnrsSYM      skift, og gå til tilstand 137
    tsrnSYM      skift, og gå til tilstand 138
    tonrsSYM     skift, og gå til tilstand 139
    tsrsSYM      skift, og gå til tilstand 140
    tsrsnSYM     skift, og gå til tilstand 141
    lenSYM       skift, og gå til tilstand 142
    floatnumSYM  skift, og gå til tilstand 143
    idSYM        skift, og gå til tilstand 144
    intidSYM     skift, og gå til tilstand 63
    stringidSYM  skift, og gå til tilstand 64
    intnumSYM    skift, og gå til tilstand 145
    stringSYM    skift, og gå til tilstand 146

    xid            gå til tilstand 147
    numexp2        gå til tilstand 397
    stringexp2     gå til tilstand 163
    string_factor  gå til tilstand 153
    numlvalue2     gå til tilstand 154
    strlvalue2     gå til tilstand 155


Tilstand 285

  268 string_factor: tnrsSYM lparenSYM • numexp2 rparenSYM

    lparenSYM    skift, og gå til tilstand 128
    minusSYM     skift, og gå til tilstand 129
    plusSYM      skift, og gå til tilstand 130
    rndSYM       skift, og gå til tilstand 131
    sysSYM       skift, og gå til tilstand 132
    syssSYM      skift, og gå til tilstand 133
    rnSYM        skift, og gå til tilstand 134
    rsSYM        skift, og gå til tilstand 135
    tnrnSYM      skift, og gå til tilstand 136
    tnrsSYM      skift, og gå til tilstand 137
    tsrnSYM      skift, og gå til tilstand 138
    tonrsSYM     skift, og gå til tilstand 139
    tsrsSYM      skift, og gå til tilstand 140
    tsrsnSYM     skift, og gå til tilstand 141
    lenSYM       skift, og gå til tilstand 142
    floatnumSYM  skift, og gå til tilstand 143
    idSYM        skift, og gå til tilstand 144
    intidSYM     skift, og gå til tilstand 63
    stringidSYM  skift, og gå til tilstand 64
    intnumSYM    skift, og gå til tilstand 145
    stringSYM    skift, og gå til tilstand 146

    xid            gå til tilstand 147
    numexp2        gå til tilstand 398
    stringexp2     gå til tilstand 163
    string_factor  gå til tilstand 153
    numlvalue2     gå til tilstand 154
    strlvalue2     gå til tilstand 155


Tilstand 286

  250 numexp2: tsrnSYM lparenSYM • stringexp2 rparenSYM

    lparenSYM    skift, og gå til tilstand 156
    syssSYM      skift, og gå til tilstand 133
    rsSYM        skift, og gå til tilstand 135
    tnrsSYM      skift, og gå til tilstand 137
    tonrsSYM     skift, og gå til tilstand 139
    tsrsSYM      skift, og gå til tilstand 140
    tsrsnSYM     skift, og gå til tilstand 141
    stringidSYM  skift, og gå til tilstand 64
    stringSYM    skift, og gå til tilstand 146

    stringexp2     gå til tilstand 399
    string_factor  gå til tilstand 153
    strlvalue2     gå til tilstand 155


Tilstand 287

  276 opt_arg: lparenSYM • numexp2 rparenSYM

    lparenSYM    skift, og gå til tilstand 128
    minusSYM     skift, og gå til tilstand 129
    plusSYM      skift, og gå til tilstand 130
    rndSYM       skift, og gå til tilstand 131
    sysSYM       skift, og gå til tilstand 132
    syssSYM      skift, og gå til tilstand 133
    rnSYM        skift, og gå til tilstand 134
    rsSYM        skift, og gå til tilstand 135
    tnrnSYM      skift, og gå til tilstand 136
    tnrsSYM      skift, og gå til tilstand 137
    tsrnSYM      skift, og gå til tilstand 138
    tonrsSYM     skift, og gå til tilstand 139
    tsrsSYM      skift, og gå til tilstand 140
    tsrsnSYM     skift, og gå til tilstand 141
    lenSYM       skift, og gå til tilstand 142
    floatnumSYM  skift, og gå til tilstand 143
    idSYM        skift, og gå til tilstand 144
    intidSYM     skift, og gå til tilstand 63
    stringidSYM  skift, og gå til tilstand 64
    intnumSYM    skift, og gå til tilstand 145
    stringSYM    skift, og gå til tilstand 146

    xid            gå til tilstand 147
    numexp2        gå til tilstand 400
    stringexp2     gå til tilstand 163
    string_factor  gå til tilstand 153
    numlvalue2     gå til tilstand 154
    strlvalue2     gå til tilstand 155


Tilstand 288

  271 string_factor: tonrsSYM opt_arg •

    $default  reducer med regel 271 (string_factor)


Tilstand 289

  269 string_factor: tsrsSYM lparenSYM • stringexp2 rparenSYM

    lparenSYM    skift, og gå til tilstand 156
    syssSYM      skift, og gå til tilstand 133
    rsSYM        skift, og gå til tilstand 135
    tnrsSYM      skift, og gå til tilstand 137
    tonrsSYM     skift, og gå til tilstand 139
    tsrsSYM      skift, og gå til tilstand 140
    tsrsnSYM     skift, og gå til tilstand 141
    stringidSYM  skift, og gå til tilstand 64
    stringSYM    skift, og gå til tilstand 146

    stringexp2     gå til tilstand 401
    string_factor  gå til tilstand 153
    strlvalue2     gå til tilstand 155


Tilstand 290

  274 string_factor: tsrsnSYM lparenSYM • exp_list rparenSYM

    lparenSYM    skift, og gå til tilstand 128
    minusSYM     skift, og gå til tilstand 129
    plusSYM      skift, og gå til tilstand 130
    rndSYM       skift, og gå til tilstand 131
    sysSYM       skift, og gå til tilstand 132
    syssSYM      skift, og gå til tilstand 133
    rnSYM        skift, og gå til tilstand 134
    rsSYM        skift, og gå til tilstand 135
    tnrnSYM      skift, og gå til tilstand 136
    tnrsSYM      skift, og gå til tilstand 137
    tsrnSYM      skift, og gå til tilstand 138
    tonrsSYM     skift, og gå til tilstand 139
    tsrsSYM      skift, og gå til tilstand 140
    tsrsnSYM     skift, og gå til tilstand 141
    lenSYM       skift, og gå til tilstand 142
    floatnumSYM  skift, og gå til tilstand 143
    idSYM        skift, og gå til tilstand 144
    intidSYM     skift, og gå til tilstand 63
    stringidSYM  skift, og gå til tilstand 64
    intnumSYM    skift, og gå til tilstand 145
    stringSYM    skift, og gå til tilstand 146

    xid            gå til tilstand 147
    exp            gå til tilstand 164
    numexp         gå til tilstand 149
    numexp2        gå til tilstand 150
    stringexp      gå til tilstand 151
    stringexp2     gå til tilstand 152
    string_factor  gå til tilstand 153
    numlvalue2     gå til tilstand 154
    strlvalue2     gå til tilstand 155
    exp_list       gå til tilstand 402


Tilstand 291

  251 numexp2: lenSYM lparenSYM • stringexp2 rparenSYM
  252        | lenSYM lparenSYM • numexp2 rparenSYM

    lparenSYM    skift, og gå til tilstand 128
    minusSYM     skift, og gå til tilstand 129
    plusSYM      skift, og gå til tilstand 130
    rndSYM       skift, og gå til tilstand 131
    sysSYM       skift, og gå til tilstand 132
    syssSYM      skift, og gå til tilstand 133
    rnSYM        skift, og gå til tilstand 134
    rsSYM        skift, og gå til tilstand 135
    tnrnSYM      skift, og gå til tilstand 136
    tnrsSYM      skift, og gå til tilstand 137
    tsrnSYM      skift, og gå til tilstand 138
    tonrsSYM     skift, og gå til tilstand 139
    tsrsSYM      skift, og gå til tilstand 140
    tsrsnSYM     skift, og gå til tilstand 141
    lenSYM       skift, og gå til tilstand 142
    floatnumSYM  skift, og gå til tilstand 143
    idSYM        skift, og gå til tilstand 144
    intidSYM     skift, og gå til tilstand 63
    stringidSYM  skift, og gå til tilstand 64
    intnumSYM    skift, og gå til tilstand 145
    stringSYM    skift, og gå til tilstand 146

    xid            gå til tilstand 147
    numexp2        gå til tilstand 403
    stringexp2     gå til tilstand 404
    string_factor  gå til tilstand 153
    numlvalue2     gå til tilstand 154
    strlvalue2     gå til tilstand 155


Tilstand 292

  342 optof: ofSYM •

    $default  reducer med regel 342 (optof)


Tilstand 293

   79 case_stat: caseSYM exp optof •

    $default  reducer med regel 79 (case_stat)


Tilstand 294

  226 numexp2: numexp2 andSYM • numexp2

    lparenSYM    skift, og gå til tilstand 128
    minusSYM     skift, og gå til tilstand 129
    plusSYM      skift, og gå til tilstand 130
    rndSYM       skift, og gå til tilstand 131
    sysSYM       skift, og gå til tilstand 132
    syssSYM      skift, og gå til tilstand 133
    rnSYM        skift, og gå til tilstand 134
    rsSYM        skift, og gå til tilstand 135
    tnrnSYM      skift, og gå til tilstand 136
    tnrsSYM      skift, og gå til tilstand 137
    tsrnSYM      skift, og gå til tilstand 138
    tonrsSYM     skift, og gå til tilstand 139
    tsrsSYM      skift, og gå til tilstand 140
    tsrsnSYM     skift, og gå til tilstand 141
    lenSYM       skift, og gå til tilstand 142
    floatnumSYM  skift, og gå til tilstand 143
    idSYM        skift, og gå til tilstand 144
    intidSYM     skift, og gå til tilstand 63
    stringidSYM  skift, og gå til tilstand 64
    intnumSYM    skift, og gå til tilstand 145
    stringSYM    skift, og gå til tilstand 146

    xid            gå til tilstand 147
    numexp2        gå til tilstand 405
    stringexp2     gå til tilstand 163
    string_factor  gå til tilstand 153
    numlvalue2     gå til tilstand 154
    strlvalue2     gå til tilstand 155


Tilstand 295

  227 numexp2: numexp2 andthenSYM • numexp2

    lparenSYM    skift, og gå til tilstand 128
    minusSYM     skift, og gå til tilstand 129
    plusSYM      skift, og gå til tilstand 130
    rndSYM       skift, og gå til tilstand 131
    sysSYM       skift, og gå til tilstand 132
    syssSYM      skift, og gå til tilstand 133
    rnSYM        skift, og gå til tilstand 134
    rsSYM        skift, og gå til tilstand 135
    tnrnSYM      skift, og gå til tilstand 136
    tnrsSYM      skift, og gå til tilstand 137
    tsrnSYM      skift, og gå til tilstand 138
    tonrsSYM     skift, og gå til tilstand 139
    tsrsSYM      skift, og gå til tilstand 140
    tsrsnSYM     skift, og gå til tilstand 141
    lenSYM       skift, og gå til tilstand 142
    floatnumSYM  skift, og gå til tilstand 143
    idSYM        skift, og gå til tilstand 144
    intidSYM     skift, og gå til tilstand 63
    stringidSYM  skift, og gå til tilstand 64
    intnumSYM    skift, og gå til tilstand 145
    stringSYM    skift, og gå til tilstand 146

    xid            gå til tilstand 147
    numexp2        gå til tilstand 406
    stringexp2     gå til tilstand 163
    string_factor  gå til tilstand 153
    numlvalue2     gå til tilstand 154
    strlvalue2     gå til tilstand 155


Tilstand 296

  234 numexp2: numexp2 divideSYM • numexp2

    lparenSYM    skift, og gå til tilstand 128
    minusSYM     skift, og gå til tilstand 129
    plusSYM      skift, og gå til tilstand 130
    rndSYM       skift, og gå til tilstand 131
    sysSYM       skift, og gå til tilstand 132
    syssSYM      skift, og gå til tilstand 133
    rnSYM        skift, og gå til tilstand 134
    rsSYM        skift, og gå til tilstand 135
    tnrnSYM      skift, og gå til tilstand 136
    tnrsSYM      skift, og gå til tilstand 137
    tsrnSYM      skift, og gå til tilstand 138
    tonrsSYM     skift, og gå til tilstand 139
    tsrsSYM      skift, og gå til tilstand 140
    tsrsnSYM     skift, og gå til tilstand 141
    lenSYM       skift, og gå til tilstand 142
    floatnumSYM  skift, og gå til tilstand 143
    idSYM        skift, og gå til tilstand 144
    intidSYM     skift, og gå til tilstand 63
    stringidSYM  skift, og gå til tilstand 64
    intnumSYM    skift, og gå til tilstand 145
    stringSYM    skift, og gå til tilstand 146

    xid            gå til tilstand 147
    numexp2        gå til tilstand 407
    stringexp2     gå til tilstand 163
    string_factor  gå til tilstand 153
    numlvalue2     gå til tilstand 154
    strlvalue2     gå til tilstand 155


Tilstand 297

  236 numexp2: numexp2 divSYM • numexp2

    lparenSYM    skift, og gå til tilstand 128
    minusSYM     skift, og gå til tilstand 129
    plusSYM      skift, og gå til tilstand 130
    rndSYM       skift, og gå til tilstand 131
    sysSYM       skift, og gå til tilstand 132
    syssSYM      skift, og gå til tilstand 133
    rnSYM        skift, og gå til tilstand 134
    rsSYM        skift, og gå til tilstand 135
    tnrnSYM      skift, og gå til tilstand 136
    tnrsSYM      skift, og gå til tilstand 137
    tsrnSYM      skift, og gå til tilstand 138
    tonrsSYM     skift, og gå til tilstand 139
    tsrsSYM      skift, og gå til tilstand 140
    tsrsnSYM     skift, og gå til tilstand 141
    lenSYM       skift, og gå til tilstand 142
    floatnumSYM  skift, og gå til tilstand 143
    idSYM        skift, og gå til tilstand 144
    intidSYM     skift, og gå til tilstand 63
    stringidSYM  skift, og gå til tilstand 64
    intnumSYM    skift, og gå til tilstand 145
    stringSYM    skift, og gå til tilstand 146

    xid            gå til tilstand 147
    numexp2        gå til tilstand 408
    stringexp2     gå til tilstand 163
    string_factor  gå til tilstand 153
    numlvalue2     gå til tilstand 154
    strlvalue2     gå til tilstand 155


Tilstand 298

  230 numexp2: numexp2 eorSYM • numexp2

    lparenSYM    skift, og gå til tilstand 128
    minusSYM     skift, og gå til tilstand 129
    plusSYM      skift, og gå til tilstand 130
    rndSYM       skift, og gå til tilstand 131
    sysSYM       skift, og gå til tilstand 132
    syssSYM      skift, og gå til tilstand 133
    rnSYM        skift, og gå til tilstand 134
    rsSYM        skift, og gå til tilstand 135
    tnrnSYM      skift, og gå til tilstand 136
    tnrsSYM      skift, og gå til tilstand 137
    tsrnSYM      skift, og gå til tilstand 138
    tonrsSYM     skift, og gå til tilstand 139
    tsrsSYM      skift, og gå til tilstand 140
    tsrsnSYM     skift, og gå til tilstand 141
    lenSYM       skift, og gå til tilstand 142
    floatnumSYM  skift, og gå til tilstand 143
    idSYM        skift, og gå til tilstand 144
    intidSYM     skift, og gå til tilstand 63
    stringidSYM  skift, og gå til tilstand 64
    intnumSYM    skift, og gå til tilstand 145
    stringSYM    skift, og gå til tilstand 146

    xid            gå til tilstand 147
    numexp2        gå til tilstand 409
    stringexp2     gå til tilstand 163
    string_factor  gå til tilstand 153
    numlvalue2     gå til tilstand 154
    strlvalue2     gå til tilstand 155


Tilstand 299

  220 numexp2: numexp2 eqlSYM • numexp2

    lparenSYM    skift, og gå til tilstand 128
    minusSYM     skift, og gå til tilstand 129
    plusSYM      skift, og gå til tilstand 130
    rndSYM       skift, og gå til tilstand 131
    sysSYM       skift, og gå til tilstand 132
    syssSYM      skift, og gå til tilstand 133
    rnSYM        skift, og gå til tilstand 134
    rsSYM        skift, og gå til tilstand 135
    tnrnSYM      skift, og gå til tilstand 136
    tnrsSYM      skift, og gå til tilstand 137
    tsrnSYM      skift, og gå til tilstand 138
    tonrsSYM     skift, og gå til tilstand 139
    tsrsSYM      skift, og gå til tilstand 140
    tsrsnSYM     skift, og gå til tilstand 141
    lenSYM       skift, og gå til tilstand 142
    floatnumSYM  skift, og gå til tilstand 143
    idSYM        skift, og gå til tilstand 144
    intidSYM     skift, og gå til tilstand 63
    stringidSYM  skift, og gå til tilstand 64
    intnumSYM    skift, og gå til tilstand 145
    stringSYM    skift, og gå til tilstand 146

    xid            gå til tilstand 147
    numexp2        gå til tilstand 410
    stringexp2     gå til tilstand 163
    string_factor  gå til tilstand 153
    numlvalue2     gå til tilstand 154
    strlvalue2     gå til tilstand 155


Tilstand 300

  225 numexp2: numexp2 geqSYM • numexp2

    lparenSYM    skift, og gå til tilstand 128
    minusSYM     skift, og gå til tilstand 129
    plusSYM      skift, og gå til tilstand 130
    rndSYM       skift, og gå til tilstand 131
    sysSYM       skift, og gå til tilstand 132
    syssSYM      skift, og gå til tilstand 133
    rnSYM        skift, og gå til tilstand 134
    rsSYM        skift, og gå til tilstand 135
    tnrnSYM      skift, og gå til tilstand 136
    tnrsSYM      skift, og gå til tilstand 137
    tsrnSYM      skift, og gå til tilstand 138
    tonrsSYM     skift, og gå til tilstand 139
    tsrsSYM      skift, og gå til tilstand 140
    tsrsnSYM     skift, og gå til tilstand 141
    lenSYM       skift, og gå til tilstand 142
    floatnumSYM  skift, og gå til tilstand 143
    idSYM        skift, og gå til tilstand 144
    intidSYM     skift, og gå til tilstand 63
    stringidSYM  skift, og gå til tilstand 64
    intnumSYM    skift, og gå til tilstand 145
    stringSYM    skift, og gå til tilstand 146

    xid            gå til tilstand 147
    numexp2        gå til tilstand 411
    stringexp2     gå til tilstand 163
    string_factor  gå til tilstand 153
    numlvalue2     gå til tilstand 154
    strlvalue2     gå til tilstand 155


Tilstand 301

  223 numexp2: numexp2 gtrSYM • numexp2

    lparenSYM    skift, og gå til tilstand 128
    minusSYM     skift, og gå til tilstand 129
    plusSYM      skift, og gå til tilstand 130
    rndSYM       skift, og gå til tilstand 131
    sysSYM       skift, og gå til tilstand 132
    syssSYM      skift, og gå til tilstand 133
    rnSYM        skift, og gå til tilstand 134
    rsSYM        skift, og gå til tilstand 135
    tnrnSYM      skift, og gå til tilstand 136
    tnrsSYM      skift, og gå til tilstand 137
    tsrnSYM      skift, og gå til tilstand 138
    tonrsSYM     skift, og gå til tilstand 139
    tsrsSYM      skift, og gå til tilstand 140
    tsrsnSYM     skift, og gå til tilstand 141
    lenSYM       skift, og gå til tilstand 142
    floatnumSYM  skift, og gå til tilstand 143
    idSYM        skift, og gå til tilstand 144
    intidSYM     skift, og gå til tilstand 63
    stringidSYM  skift, og gå til tilstand 64
    intnumSYM    skift, og gå til tilstand 145
    stringSYM    skift, og gå til tilstand 146

    xid            gå til tilstand 147
    numexp2        gå til tilstand 412
    stringexp2     gå til tilstand 163
    string_factor  gå til tilstand 153
    numlvalue2     gå til tilstand 154
    strlvalue2     gå til tilstand 155


Tilstand 302

  224 numexp2: numexp2 leqSYM • numexp2

    lparenSYM    skift, og gå til tilstand 128
    minusSYM     skift, og gå til tilstand 129
    plusSYM      skift, og gå til tilstand 130
    rndSYM       skift, og gå til tilstand 131
    sysSYM       skift, og gå til tilstand 132
    syssSYM      skift, og gå til tilstand 133
    rnSYM        skift, og gå til tilstand 134
    rsSYM        skift, og gå til tilstand 135
    tnrnSYM      skift, og gå til tilstand 136
    tnrsSYM      skift, og gå til tilstand 137
    tsrnSYM      skift, og gå til tilstand 138
    tonrsSYM     skift, og gå til tilstand 139
    tsrsSYM      skift, og gå til tilstand 140
    tsrsnSYM     skift, og gå til tilstand 141
    lenSYM       skift, og gå til tilstand 142
    floatnumSYM  skift, og gå til tilstand 143
    idSYM        skift, og gå til tilstand 144
    intidSYM     skift, og gå til tilstand 63
    stringidSYM  skift, og gå til tilstand 64
    intnumSYM    skift, og gå til tilstand 145
    stringSYM    skift, og gå til tilstand 146

    xid            gå til tilstand 147
    numexp2        gå til tilstand 413
    stringexp2     gå til tilstand 163
    string_factor  gå til tilstand 153
    numlvalue2     gå til tilstand 154
    strlvalue2     gå til tilstand 155


Tilstand 303

  222 numexp2: numexp2 lssSYM • numexp2

    lparenSYM    skift, og gå til tilstand 128
    minusSYM     skift, og gå til tilstand 129
    plusSYM      skift, og gå til tilstand 130
    rndSYM       skift, og gå til tilstand 131
    sysSYM       skift, og gå til tilstand 132
    syssSYM      skift, og gå til tilstand 133
    rnSYM        skift, og gå til tilstand 134
    rsSYM        skift, og gå til tilstand 135
    tnrnSYM      skift, og gå til tilstand 136
    tnrsSYM      skift, og gå til tilstand 137
    tsrnSYM      skift, og gå til tilstand 138
    tonrsSYM     skift, og gå til tilstand 139
    tsrsSYM      skift, og gå til tilstand 140
    tsrsnSYM     skift, og gå til tilstand 141
    lenSYM       skift, og gå til tilstand 142
    floatnumSYM  skift, og gå til tilstand 143
    idSYM        skift, og gå til tilstand 144
    intidSYM     skift, og gå til tilstand 63
    stringidSYM  skift, og gå til tilstand 64
    intnumSYM    skift, og gå til tilstand 145
    stringSYM    skift, og gå til tilstand 146

    xid            gå til tilstand 147
    numexp2        gå til tilstand 414
    stringexp2     gå til tilstand 163
    string_factor  gå til tilstand 153
    numlvalue2     gå til tilstand 154
    strlvalue2     gå til tilstand 155


Tilstand 304

  232 numexp2: numexp2 minusSYM • numexp2

    lparenSYM    skift, og gå til tilstand 128
    minusSYM     skift, og gå til tilstand 129
    plusSYM      skift, og gå til tilstand 130
    rndSYM       skift, og gå til tilstand 131
    sysSYM       skift, og gå til tilstand 132
    syssSYM      skift, og gå til tilstand 133
    rnSYM        skift, og gå til tilstand 134
    rsSYM        skift, og gå til tilstand 135
    tnrnSYM      skift, og gå til tilstand 136
    tnrsSYM      skift, og gå til tilstand 137
    tsrnSYM      skift, og gå til tilstand 138
    tonrsSYM     skift, og gå til tilstand 139
    tsrsSYM      skift, og gå til tilstand 140
    tsrsnSYM     skift, og gå til tilstand 141
    lenSYM       skift, og gå til tilstand 142
    floatnumSYM  skift, og gå til tilstand 143
    idSYM        skift, og gå til tilstand 144
    intidSYM     skift, og gå til tilstand 63
    stringidSYM  skift, og gå til tilstand 64
    intnumSYM    skift, og gå til tilstand 145
    stringSYM    skift, og gå til tilstand 146

    xid            gå til tilstand 147
    numexp2        gå til tilstand 415
    stringexp2     gå til tilstand 163
    string_factor  gå til tilstand 153
    numlvalue2     gå til tilstand 154
    strlvalue2     gå til tilstand 155


Tilstand 305

  237 numexp2: numexp2 modSYM • numexp2

    lparenSYM    skift, og gå til tilstand 128
    minusSYM     skift, og gå til tilstand 129
    plusSYM      skift, og gå til tilstand 130
    rndSYM       skift, og gå til tilstand 131
    sysSYM       skift, og gå til tilstand 132
    syssSYM      skift, og gå til tilstand 133
    rnSYM        skift, og gå til tilstand 134
    rsSYM        skift, og gå til tilstand 135
    tnrnSYM      skift, og gå til tilstand 136
    tnrsSYM      skift, og gå til tilstand 137
    tsrnSYM      skift, og gå til tilstand 138
    tonrsSYM     skift, og gå til tilstand 139
    tsrsSYM      skift, og gå til tilstand 140
    tsrsnSYM     skift, og gå til tilstand 141
    lenSYM       skift, og gå til tilstand 142
    floatnumSYM  skift, og gå til tilstand 143
    idSYM        skift, og gå til tilstand 144
    intidSYM     skift, og gå til tilstand 63
    stringidSYM  skift, og gå til tilstand 64
    intnumSYM    skift, og gå til tilstand 145
    stringSYM    skift, og gå til tilstand 146

    xid            gå til tilstand 147
    numexp2        gå til tilstand 416
    stringexp2     gå til tilstand 163
    string_factor  gå til tilstand 153
    numlvalue2     gå til tilstand 154
    strlvalue2     gå til tilstand 155


Tilstand 306

  221 numexp2: numexp2 neqSYM • numexp2

    lparenSYM    skift, og gå til tilstand 128
    minusSYM     skift, og gå til tilstand 129
    plusSYM      skift, og gå til tilstand 130
    rndSYM       skift, og gå til tilstand 131
    sysSYM       skift, og gå til tilstand 132
    syssSYM      skift, og gå til tilstand 133
    rnSYM        skift, og gå til tilstand 134
    rsSYM        skift, og gå til tilstand 135
    tnrnSYM      skift, og gå til tilstand 136
    tnrsSYM      skift, og gå til tilstand 137
    tsrnSYM      skift, og gå til tilstand 138
    tonrsSYM     skift, og gå til tilstand 139
    tsrsSYM      skift, og gå til tilstand 140
    tsrsnSYM     skift, og gå til tilstand 141
    lenSYM       skift, og gå til tilstand 142
    floatnumSYM  skift, og gå til tilstand 143
    idSYM        skift, og gå til tilstand 144
    intidSYM     skift, og gå til tilstand 63
    stringidSYM  skift, og gå til tilstand 64
    intnumSYM    skift, og gå til tilstand 145
    stringSYM    skift, og gå til tilstand 146

    xid            gå til tilstand 147
    numexp2        gå til tilstand 417
    stringexp2     gå til tilstand 163
    string_factor  gå til tilstand 153
    numlvalue2     gå til tilstand 154
    strlvalue2     gå til tilstand 155


Tilstand 307

  228 numexp2: numexp2 orSYM • numexp2

    lparenSYM    skift, og gå til tilstand 128
    minusSYM     skift, og gå til tilstand 129
    plusSYM      skift, og gå til tilstand 130
    rndSYM       skift, og gå til tilstand 131
    sysSYM       skift, og gå til tilstand 132
    syssSYM      skift, og gå til tilstand 133
    rnSYM        skift, og gå til tilstand 134
    rsSYM        skift, og gå til tilstand 135
    tnrnSYM      skift, og gå til tilstand 136
    tnrsSYM      skift, og gå til tilstand 137
    tsrnSYM      skift, og gå til tilstand 138
    tonrsSYM     skift, og gå til tilstand 139
    tsrsSYM      skift, og gå til tilstand 140
    tsrsnSYM     skift, og gå til tilstand 141
    lenSYM       skift, og gå til tilstand 142
    floatnumSYM  skift, og gå til tilstand 143
    idSYM        skift, og gå til tilstand 144
    intidSYM     skift, og gå til tilstand 63
    stringidSYM  skift, og gå til tilstand 64
    intnumSYM    skift, og gå til tilstand 145
    stringSYM    skift, og gå til tilstand 146

    xid            gå til tilstand 147
    numexp2        gå til tilstand 418
    stringexp2     gå til tilstand 163
    string_factor  gå til tilstand 153
    numlvalue2     gå til tilstand 154
    strlvalue2     gå til tilstand 155


Tilstand 308

  229 numexp2: numexp2 orthenSYM • numexp2

    lparenSYM    skift, og gå til tilstand 128
    minusSYM     skift, og gå til tilstand 129
    plusSYM      skift, og gå til tilstand 130
    rndSYM       skift, og gå til tilstand 131
    sysSYM       skift, og gå til tilstand 132
    syssSYM      skift, og gå til tilstand 133
    rnSYM        skift, og gå til tilstand 134
    rsSYM        skift, og gå til tilstand 135
    tnrnSYM      skift, og gå til tilstand 136
    tnrsSYM      skift, og gå til tilstand 137
    tsrnSYM      skift, og gå til tilstand 138
    tonrsSYM     skift, og gå til tilstand 139
    tsrsSYM      skift, og gå til tilstand 140
    tsrsnSYM     skift, og gå til tilstand 141
    lenSYM       skift, og gå til tilstand 142
    floatnumSYM  skift, og gå til tilstand 143
    idSYM        skift, og gå til tilstand 144
    intidSYM     skift, og gå til tilstand 63
    stringidSYM  skift, og gå til tilstand 64
    intnumSYM    skift, og gå til tilstand 145
    stringSYM    skift, og gå til tilstand 146

    xid            gå til tilstand 147
    numexp2        gå til tilstand 419
    stringexp2     gå til tilstand 163
    string_factor  gå til tilstand 153
    numlvalue2     gå til tilstand 154
    strlvalue2     gå til tilstand 155


Tilstand 309

  231 numexp2: numexp2 plusSYM • numexp2

    lparenSYM    skift, og gå til tilstand 128
    minusSYM     skift, og gå til tilstand 129
    plusSYM      skift, og gå til tilstand 130
    rndSYM       skift, og gå til tilstand 131
    sysSYM       skift, og gå til tilstand 132
    syssSYM      skift, og gå til tilstand 133
    rnSYM        skift, og gå til tilstand 134
    rsSYM        skift, og gå til tilstand 135
    tnrnSYM      skift, og gå til tilstand 136
    tnrsSYM      skift, og gå til tilstand 137
    tsrnSYM      skift, og gå til tilstand 138
    tonrsSYM     skift, og gå til tilstand 139
    tsrsSYM      skift, og gå til tilstand 140
    tsrsnSYM     skift, og gå til tilstand 141
    lenSYM       skift, og gå til tilstand 142
    floatnumSYM  skift, og gå til tilstand 143
    idSYM        skift, og gå til tilstand 144
    intidSYM     skift, og gå til tilstand 63
    stringidSYM  skift, og gå til tilstand 64
    intnumSYM    skift, og gå til tilstand 145
    stringSYM    skift, og gå til tilstand 146

    xid            gå til tilstand 147
    numexp2        gå til tilstand 420
    stringexp2     gå til tilstand 163
    string_factor  gå til tilstand 153
    numlvalue2     gå til tilstand 154
    strlvalue2     gå til tilstand 155


Tilstand 310

  235 numexp2: numexp2 powerSYM • numexp2

    lparenSYM    skift, og gå til tilstand 128
    minusSYM     skift, og gå til tilstand 129
    plusSYM      skift, og gå til tilstand 130
    rndSYM       skift, og gå til tilstand 131
    sysSYM       skift, og gå til tilstand 132
    syssSYM      skift, og gå til tilstand 133
    rnSYM        skift, og gå til tilstand 134
    rsSYM        skift, og gå til tilstand 135
    tnrnSYM      skift, og gå til tilstand 136
    tnrsSYM      skift, og gå til tilstand 137
    tsrnSYM      skift, og gå til tilstand 138
    tonrsSYM     skift, og gå til tilstand 139
    tsrsSYM      skift, og gå til tilstand 140
    tsrsnSYM     skift, og gå til tilstand 141
    lenSYM       skift, og gå til tilstand 142
    floatnumSYM  skift, og gå til tilstand 143
    idSYM        skift, og gå til tilstand 144
    intidSYM     skift, og gå til tilstand 63
    stringidSYM  skift, og gå til tilstand 64
    intnumSYM    skift, og gå til tilstand 145
    stringSYM    skift, og gå til tilstand 146

    xid            gå til tilstand 147
    numexp2        gå til tilstand 421
    stringexp2     gå til tilstand 163
    string_factor  gå til tilstand 153
    numlvalue2     gå til tilstand 154
    strlvalue2     gå til tilstand 155


Tilstand 311

  233 numexp2: numexp2 timesSYM • numexp2

    lparenSYM    skift, og gå til tilstand 128
    minusSYM     skift, og gå til tilstand 129
    plusSYM      skift, og gå til tilstand 130
    rndSYM       skift, og gå til tilstand 131
    sysSYM       skift, og gå til tilstand 132
    syssSYM      skift, og gå til tilstand 133
    rnSYM        skift, og gå til tilstand 134
    rsSYM        skift, og gå til tilstand 135
    tnrnSYM      skift, og gå til tilstand 136
    tnrsSYM      skift, og gå til tilstand 137
    tsrnSYM      skift, og gå til tilstand 138
    tonrsSYM     skift, og gå til tilstand 139
    tsrsSYM      skift, og gå til tilstand 140
    tsrsnSYM     skift, og gå til tilstand 141
    lenSYM       skift, og gå til tilstand 142
    floatnumSYM  skift, og gå til tilstand 143
    idSYM        skift, og gå til tilstand 144
    intidSYM     skift, og gå til tilstand 63
    stringidSYM  skift, og gå til tilstand 64
    intnumSYM    skift, og gå til tilstand 145
    stringSYM    skift, og gå til tilstand 146

    xid            gå til tilstand 147
    numexp2        gå til tilstand 422
    stringexp2     gå til tilstand 163
    string_factor  gå til tilstand 153
    numlvalue2     gå til tilstand 154
    strlvalue2     gå til tilstand 155


Tilstand 312

  238 numexp2: stringexp2 eqlSYM • stringexp2

    lparenSYM    skift, og gå til tilstand 156
    syssSYM      skift, og gå til tilstand 133
    rsSYM        skift, og gå til tilstand 135
    tnrsSYM      skift, og gå til tilstand 137
    tonrsSYM     skift, og gå til tilstand 139
    tsrsSYM      skift, og gå til tilstand 140
    tsrsnSYM     skift, og gå til tilstand 141
    stringidSYM  skift, og gå til tilstand 64
    stringSYM    skift, og gå til tilstand 146

    stringexp2     gå til tilstand 423
    string_factor  gå til tilstand 153
    strlvalue2     gå til tilstand 155


Tilstand 313

  243 numexp2: stringexp2 geqSYM • stringexp2

    lparenSYM    skift, og gå til tilstand 156
    syssSYM      skift, og gå til tilstand 133
    rsSYM        skift, og gå til tilstand 135
    tnrsSYM      skift, og gå til tilstand 137
    tonrsSYM     skift, og gå til tilstand 139
    tsrsSYM      skift, og gå til tilstand 140
    tsrsnSYM     skift, og gå til tilstand 141
    stringidSYM  skift, og gå til tilstand 64
    stringSYM    skift, og gå til tilstand 146

    stringexp2     gå til tilstand 424
    string_factor  gå til tilstand 153
    strlvalue2     gå til tilstand 155


Tilstand 314

  241 numexp2: stringexp2 gtrSYM • stringexp2

    lparenSYM    skift, og gå til tilstand 156
    syssSYM      skift, og gå til tilstand 133
    rsSYM        skift, og gå til tilstand 135
    tnrsSYM      skift, og gå til tilstand 137
    tonrsSYM     skift, og gå til tilstand 139
    tsrsSYM      skift, og gå til tilstand 140
    tsrsnSYM     skift, og gå til tilstand 141
    stringidSYM  skift, og gå til tilstand 64
    stringSYM    skift, og gå til tilstand 146

    stringexp2     gå til tilstand 425
    string_factor  gå til tilstand 153
    strlvalue2     gå til tilstand 155


Tilstand 315

  244 numexp2: stringexp2 inSYM • stringexp2

    lparenSYM    skift, og gå til tilstand 156
    syssSYM      skift, og gå til tilstand 133
    rsSYM        skift, og gå til tilstand 135
    tnrsSYM      skift, og gå til tilstand 137
    tonrsSYM     skift, og gå til tilstand 139
    tsrsSYM      skift, og gå til tilstand 140
    tsrsnSYM     skift, og gå til tilstand 141
    stringidSYM  skift, og gå til tilstand 64
    stringSYM    skift, og gå til tilstand 146

    stringexp2     gå til tilstand 426
    string_factor  gå til tilstand 153
    strlvalue2     gå til tilstand 155


Tilstand 316

  242 numexp2: stringexp2 leqSYM • stringexp2

    lparenSYM    skift, og gå til tilstand 156
    syssSYM      skift, og gå til tilstand 133
    rsSYM        skift, og gå til tilstand 135
    tnrsSYM      skift, og gå til tilstand 137
    tonrsSYM     skift, og gå til tilstand 139
    tsrsSYM      skift, og gå til tilstand 140
    tsrsnSYM     skift, og gå til tilstand 141
    stringidSYM  skift, og gå til tilstand 64
    stringSYM    skift, og gå til tilstand 146

    stringexp2     gå til tilstand 427
    string_factor  gå til tilstand 153
    strlvalue2     gå til tilstand 155


Tilstand 317

  240 numexp2: stringexp2 lssSYM • stringexp2

    lparenSYM    skift, og gå til tilstand 156
    syssSYM      skift, og gå til tilstand 133
    rsSYM        skift, og gå til tilstand 135
    tnrsSYM      skift, og gå til tilstand 137
    tonrsSYM     skift, og gå til tilstand 139
    tsrsSYM      skift, og gå til tilstand 140
    tsrsnSYM     skift, og gå til tilstand 141
    stringidSYM  skift, og gå til tilstand 64
    stringSYM    skift, og gå til tilstand 146

    stringexp2     gå til tilstand 428
    string_factor  gå til tilstand 153
    strlvalue2     gå til tilstand 155


Tilstand 318

  239 numexp2: stringexp2 neqSYM • stringexp2

    lparenSYM    skift, og gå til tilstand 156
    syssSYM      skift, og gå til tilstand 133
    rsSYM        skift, og gå til tilstand 135
    tnrsSYM      skift, og gå til tilstand 137
    tonrsSYM     skift, og gå til tilstand 139
    tsrsSYM      skift, og gå til tilstand 140
    tsrsnSYM     skift, og gå til tilstand 141
    stringidSYM  skift, og gå til tilstand 64
    stringSYM    skift, og gå til tilstand 146

    stringexp2     gå til tilstand 429
    string_factor  gå til tilstand 153
    strlvalue2     gå til tilstand 155


Tilstand 319

  261 stringexp2: stringexp2 plusSYM • string_factor

    lparenSYM    skift, og gå til tilstand 156
    syssSYM      skift, og gå til tilstand 133
    rsSYM        skift, og gå til tilstand 135
    tnrsSYM      skift, og gå til tilstand 137
    tonrsSYM     skift, og gå til tilstand 139
    tsrsSYM      skift, og gå til tilstand 140
    tsrsnSYM     skift, og gå til tilstand 141
    stringidSYM  skift, og gå til tilstand 64
    stringSYM    skift, og gå til tilstand 146

    string_factor  gå til tilstand 430
    strlvalue2     gå til tilstand 155


Tilstand 320

  263 stringexp2: stringexp2 timesSYM • numexp2

    lparenSYM    skift, og gå til tilstand 128
    minusSYM     skift, og gå til tilstand 129
    plusSYM      skift, og gå til tilstand 130
    rndSYM       skift, og gå til tilstand 131
    sysSYM       skift, og gå til tilstand 132
    syssSYM      skift, og gå til tilstand 133
    rnSYM        skift, og gå til tilstand 134
    rsSYM        skift, og gå til tilstand 135
    tnrnSYM      skift, og gå til tilstand 136
    tnrsSYM      skift, og gå til tilstand 137
    tsrnSYM      skift, og gå til tilstand 138
    tonrsSYM     skift, og gå til tilstand 139
    tsrsSYM      skift, og gå til tilstand 140
    tsrsnSYM     skift, og gå til tilstand 141
    lenSYM       skift, og gå til tilstand 142
    floatnumSYM  skift, og gå til tilstand 143
    idSYM        skift, og gå til tilstand 144
    intidSYM     skift, og gå til tilstand 63
    stringidSYM  skift, og gå til tilstand 64
    intnumSYM    skift, og gå til tilstand 145
    stringSYM    skift, og gå til tilstand 146

    xid            gå til tilstand 147
    numexp2        gå til tilstand 431
    stringexp2     gå til tilstand 163
    string_factor  gå til tilstand 153
    numlvalue2     gå til tilstand 154
    strlvalue2     gå til tilstand 155


Tilstand 321

  278 substr_spec: lparenSYM • substr_spec2 rparenSYM

    colonSYM     skift, og gå til tilstand 377
    lparenSYM    skift, og gå til tilstand 128
    minusSYM     skift, og gå til tilstand 129
    plusSYM      skift, og gå til tilstand 130
    rndSYM       skift, og gå til tilstand 131
    sysSYM       skift, og gå til tilstand 132
    syssSYM      skift, og gå til tilstand 133
    rnSYM        skift, og gå til tilstand 134
    rsSYM        skift, og gå til tilstand 135
    tnrnSYM      skift, og gå til tilstand 136
    tnrsSYM      skift, og gå til tilstand 137
    tsrnSYM      skift, og gå til tilstand 138
    tonrsSYM     skift, og gå til tilstand 139
    tsrsSYM      skift, og gå til tilstand 140
    tsrsnSYM     skift, og gå til tilstand 141
    lenSYM       skift, og gå til tilstand 142
    floatnumSYM  skift, og gå til tilstand 143
    idSYM        skift, og gå til tilstand 144
    intidSYM     skift, og gå til tilstand 63
    stringidSYM  skift, og gå til tilstand 64
    intnumSYM    skift, og gå til tilstand 145
    stringSYM    skift, og gå til tilstand 146

    xid            gå til tilstand 147
    numexp         gå til tilstand 432
    numexp2        gå til tilstand 150
    stringexp2     gå til tilstand 163
    string_factor  gå til tilstand 153
    substr_spec2   gå til tilstand 379
    numlvalue2     gå til tilstand 154
    strlvalue2     gå til tilstand 155


Tilstand 322

  267 string_factor: string_factor substr_spec •

    $default  reducer med regel 267 (string_factor)


Tilstand 323

  261 stringexp2: stringexp2 • plusSYM string_factor
  263           | stringexp2 • timesSYM numexp2
  275 string_factor: lparenSYM stringexp2 • rparenSYM

    plusSYM    skift, og gå til tilstand 319
    rparenSYM  skift, og gå til tilstand 393
    timesSYM   skift, og gå til tilstand 320


Tilstand 324

   81 close_stat: closeSYM optfileS exp_list •
  338 exp_list: exp_list • commaSYM exp

    commaSYM  skift, og gå til tilstand 326

    $default  reducer med regel 81 (close_stat)


Tilstand 325

   82 cursor_stat: cursorSYM numexp commaSYM • numexp

    lparenSYM    skift, og gå til tilstand 128
    minusSYM     skift, og gå til tilstand 129
    plusSYM      skift, og gå til tilstand 130
    rndSYM       skift, og gå til tilstand 131
    sysSYM       skift, og gå til tilstand 132
    syssSYM      skift, og gå til tilstand 133
    rnSYM        skift, og gå til tilstand 134
    rsSYM        skift, og gå til tilstand 135
    tnrnSYM      skift, og gå til tilstand 136
    tnrsSYM      skift, og gå til tilstand 137
    tsrnSYM      skift, og gå til tilstand 138
    tonrsSYM     skift, og gå til tilstand 139
    tsrsSYM      skift, og gå til tilstand 140
    tsrsnSYM     skift, og gå til tilstand 141
    lenSYM       skift, og gå til tilstand 142
    floatnumSYM  skift, og gå til tilstand 143
    idSYM        skift, og gå til tilstand 144
    intidSYM     skift, og gå til tilstand 63
    stringidSYM  skift, og gå til tilstand 64
    intnumSYM    skift, og gå til tilstand 145
    stringSYM    skift, og gå til tilstand 146

    xid            gå til tilstand 147
    numexp         gå til tilstand 433
    numexp2        gå til tilstand 150
    stringexp2     gå til tilstand 163
    string_factor  gå til tilstand 153
    numlvalue2     gå til tilstand 154
    strlvalue2     gå til tilstand 155


Tilstand 326

  338 exp_list: exp_list commaSYM • exp

    lparenSYM    skift, og gå til tilstand 128
    minusSYM     skift, og gå til tilstand 129
    plusSYM      skift, og gå til tilstand 130
    rndSYM       skift, og gå til tilstand 131
    sysSYM       skift, og gå til tilstand 132
    syssSYM      skift, og gå til tilstand 133
    rnSYM        skift, og gå til tilstand 134
    rsSYM        skift, og gå til tilstand 135
    tnrnSYM      skift, og gå til tilstand 136
    tnrsSYM      skift, og gå til tilstand 137
    tsrnSYM      skift, og gå til tilstand 138
    tonrsSYM     skift, og gå til tilstand 139
    tsrsSYM      skift, og gå til tilstand 140
    tsrsnSYM     skift, og gå til tilstand 141
    lenSYM       skift, og gå til tilstand 142
    floatnumSYM  skift, og gå til tilstand 143
    idSYM        skift, og gå til tilstand 144
    intidSYM     skift, og gå til tilstand 63
    stringidSYM  skift, og gå til tilstand 64
    intnumSYM    skift, og gå til tilstand 145
    stringSYM    skift, og gå til tilstand 146

    xid            gå til tilstand 147
    exp            gå til tilstand 434
    numexp         gå til tilstand 149
    numexp2        gå til tilstand 150
    stringexp      gå til tilstand 151
    stringexp2     gå til tilstand 152
    string_factor  gå til tilstand 153
    numlvalue2     gå til tilstand 154
    strlvalue2     gå til tilstand 155


Tilstand 327

  113 dim_ensions: lparenSYM • dim_ension_list rparenSYM

    lparenSYM    skift, og gå til tilstand 128
    minusSYM     skift, og gå til tilstand 129
    plusSYM      skift, og gå til tilstand 130
    rndSYM       skift, og gå til tilstand 131
    sysSYM       skift, og gå til tilstand 132
    syssSYM      skift, og gå til tilstand 133
    rnSYM        skift, og gå til tilstand 134
    rsSYM        skift, og gå til tilstand 135
    tnrnSYM      skift, og gå til tilstand 136
    tnrsSYM      skift, og gå til tilstand 137
    tsrnSYM      skift, og gå til tilstand 138
    tonrsSYM     skift, og gå til tilstand 139
    tsrsSYM      skift, og gå til tilstand 140
    tsrsnSYM     skift, og gå til tilstand 141
    lenSYM       skift, og gå til tilstand 142
    floatnumSYM  skift, og gå til tilstand 143
    idSYM        skift, og gå til tilstand 144
    intidSYM     skift, og gå til tilstand 63
    stringidSYM  skift, og gå til tilstand 64
    intnumSYM    skift, og gå til tilstand 145
    stringSYM    skift, og gå til tilstand 146

    dim_ension_list  gå til tilstand 435
    dim_ension       gå til tilstand 436
    xid              gå til tilstand 147
    numexp           gå til tilstand 437
    numexp2          gå til tilstand 150
    stringexp2       gå til tilstand 163
    string_factor    gå til tilstand 153
    numlvalue2       gå til tilstand 154
    strlvalue2       gå til tilstand 155


Tilstand 328

  106 dim_item: stringidSYM ofSYM • numexp

    lparenSYM    skift, og gå til tilstand 128
    minusSYM     skift, og gå til tilstand 129
    plusSYM      skift, og gå til tilstand 130
    rndSYM       skift, og gå til tilstand 131
    sysSYM       skift, og gå til tilstand 132
    syssSYM      skift, og gå til tilstand 133
    rnSYM        skift, og gå til tilstand 134
    rsSYM        skift, og gå til tilstand 135
    tnrnSYM      skift, og gå til tilstand 136
    tnrsSYM      skift, og gå til tilstand 137
    tsrnSYM      skift, og gå til tilstand 138
    tonrsSYM     skift, og gå til tilstand 139
    tsrsSYM      skift, og gå til tilstand 140
    tsrsnSYM     skift, og gå til tilstand 141
    lenSYM       skift, og gå til tilstand 142
    floatnumSYM  skift, og gå til tilstand 143
    idSYM        skift, og gå til tilstand 144
    intidSYM     skift, og gå til tilstand 63
    stringidSYM  skift, og gå til tilstand 64
    intnumSYM    skift, og gå til tilstand 145
    stringSYM    skift, og gå til tilstand 146

    xid            gå til tilstand 147
    numexp         gå til tilstand 438
    numexp2        gå til tilstand 150
    stringexp2     gå til tilstand 163
    string_factor  gå til tilstand 153
    numlvalue2     gå til tilstand 154
    strlvalue2     gå til tilstand 155


Tilstand 329

  107 dim_item: stringidSYM dim_ensions • of numexp
  108         | stringidSYM dim_ensions •

    ofSYM     skift, og gå til tilstand 439
    timesSYM  skift, og gå til tilstand 440

    $default  reducer med regel 108 (dim_item)

    of  gå til tilstand 441


Tilstand 330

  103 dim_list: dim_list commaSYM • dim_item

    idSYM        skift, og gå til tilstand 167
    intidSYM     skift, og gå til tilstand 168
    stringidSYM  skift, og gå til tilstand 169

    dim_item  gå til tilstand 442
    numid     gå til tilstand 172


Tilstand 331

  105 dim_item: numid dim_ensions •

    $default  reducer med regel 105 (dim_item)


Tilstand 332

  346 optthen: thenSYM •

    $default  reducer med regel 346 (optthen)


Tilstand 333

  119 elif_stat: elifSYM numexp optthen •

    $default  reducer med regel 119 (elif_stat)


Tilstand 334

  120 exit_stat: exitSYM ifwhen numexp •

    $default  reducer med regel 120 (exit_stat)


Tilstand 335

  128 for_stat: forSYM numlvalue assign1 • numexp todownto numexp optstep optdo optsimple_stat

    lparenSYM    skift, og gå til tilstand 128
    minusSYM     skift, og gå til tilstand 129
    plusSYM      skift, og gå til tilstand 130
    rndSYM       skift, og gå til tilstand 131
    sysSYM       skift, og gå til tilstand 132
    syssSYM      skift, og gå til tilstand 133
    rnSYM        skift, og gå til tilstand 134
    rsSYM        skift, og gå til tilstand 135
    tnrnSYM      skift, og gå til tilstand 136
    tnrsSYM      skift, og gå til tilstand 137
    tsrnSYM      skift, og gå til tilstand 138
    tonrsSYM     skift, og gå til tilstand 139
    tsrsSYM      skift, og gå til tilstand 140
    tsrsnSYM     skift, og gå til tilstand 141
    lenSYM       skift, og gå til tilstand 142
    floatnumSYM  skift, og gå til tilstand 143
    idSYM        skift, og gå til tilstand 144
    intidSYM     skift, og gå til tilstand 63
    stringidSYM  skift, og gå til tilstand 64
    intnumSYM    skift, og gå til tilstand 145
    stringSYM    skift, og gå til tilstand 146

    xid            gå til tilstand 147
    numexp         gå til tilstand 443
    numexp2        gå til tilstand 150
    stringexp2     gå til tilstand 163
    string_factor  gå til tilstand 153
    numlvalue2     gå til tilstand 154
    strlvalue2     gå til tilstand 155


Tilstand 336

  321 procfunc_head: lparenSYM • parmlist rparenSYM

    funcSYM      skift, og gå til tilstand 444
    nameSYM      skift, og gå til tilstand 445
    procSYM      skift, og gå til tilstand 446
    refSYM       skift, og gå til tilstand 447
    idSYM        skift, og gå til tilstand 167
    intidSYM     skift, og gå til tilstand 168
    stringidSYM  skift, og gå til tilstand 182

    parmlist  gå til tilstand 448
    parmitem  gå til tilstand 449
    oneparm   gå til tilstand 450
    id        gå til tilstand 451
    numid     gå til tilstand 185


Tilstand 337

  133 func_stat: funcSYM id procfunc_head • optclosed opt_external

    closedSYM  skift, og gå til tilstand 452

    $default  reducer med regel 351 (optclosed)

    optclosed  gå til tilstand 453


Tilstand 338

  134 if_stat: ifSYM numexp optthen • optsimple_stat

    chdirSYM          skift, og gå til tilstand 3
    closeSYM          skift, og gå til tilstand 4
    cursorSYM         skift, og gå til tilstand 5
    delSYM            skift, og gå til tilstand 7
    dimSYM            skift, og gå til tilstand 8
    dirSYM            skift, og gå til tilstand 9
    playSYM           skift, og gå til tilstand 11
    toneSYM           skift, og gå til tilstand 12
    sleepSYM          skift, og gå til tilstand 13
    endSYM            skift, og gå til tilstand 22
    execSYM           skift, og gå til tilstand 25
    exitSYM           skift, og gå til tilstand 215
    importSYM         skift, og gå til tilstand 31
    inputSYM          skift, og gå til tilstand 32
    localSYM          skift, og gå til tilstand 33
    mkdirSYM          skift, og gå til tilstand 35
    nullSYM           skift, og gå til tilstand 36
    openSYM           skift, og gå til tilstand 37
    osSYM             skift, og gå til tilstand 38
    pageSYM           skift, og gå til tilstand 40
    printSYM          skift, og gå til tilstand 41
    readSYM           skift, og gå til tilstand 43
    restoreSYM        skift, og gå til tilstand 45
    retrySYM          skift, og gå til tilstand 46
    returnSYM         skift, og gå til tilstand 47
    rmdirSYM          skift, og gå til tilstand 48
    select_inputSYM   skift, og gå til tilstand 49
    select_outputSYM  skift, og gå til tilstand 50
    semicolonSYM      skift, og gå til tilstand 51
    stopSYM           skift, og gå til tilstand 52
    spawnSYM          skift, og gå til tilstand 53
    waitSYM           skift, og gå til tilstand 54
    sysSYM            skift, og gå til tilstand 55
    trapSYM           skift, og gå til tilstand 216
    unitSYM           skift, og gå til tilstand 57
    writeSYM          skift, og gå til tilstand 61
    idSYM             skift, og gå til tilstand 144
    intidSYM          skift, og gå til tilstand 63
    stringidSYM       skift, og gå til tilstand 64

    $default  reducer med regel 341 (optsimple_stat)

    simple_stat      gå til tilstand 454
    simple_1word     gå til tilstand 73
    close_stat       gå til tilstand 75
    cursor_stat      gå til tilstand 76
    chdir_stat       gå til tilstand 77
    rmdir_stat       gå til tilstand 78
    mkdir_stat       gå til tilstand 79
    tone_stat        gå til tilstand 82
    play_stat        gå til tilstand 83
    sleep_stat       gå til tilstand 84
    del_stat         gå til tilstand 85
    dir_stat         gå til tilstand 86
    unit_stat        gå til tilstand 87
    local_stat       gå til tilstand 88
    dim_stat         gå til tilstand 89
    exec_stat        gå til tilstand 92
    spawn_stat       gå til tilstand 93
    wait_stat        gå til tilstand 94
    import_stat      gå til tilstand 98
    input_stat       gå til tilstand 99
    open_stat        gå til tilstand 100
    os_stat          gå til tilstand 101
    print_stat       gå til tilstand 102
    printi           gå til tilstand 103
    read_stat        gå til tilstand 105
    restore_stat     gå til tilstand 106
    return_stat      gå til tilstand 107
    select_out_stat  gå til tilstand 108
    select_in_stat   gå til tilstand 109
    stop_stat        gå til tilstand 110
    sys_stat         gå til tilstand 111
    trap_stat        gå til tilstand 113
    write_stat       gå til tilstand 117
    assign_stat      gå til tilstand 118
    assign_list      gå til tilstand 119
    assign_item      gå til tilstand 120
    xid              gå til tilstand 122
    numlvalue        gå til tilstand 123
    numlvalue2       gå til tilstand 124
    strlvalue        gå til tilstand 125
    strlvalue2       gå til tilstand 126
    optsimple_stat   gå til tilstand 455


Tilstand 339

  137 import_list: import_list commaSYM • oneparm

    idSYM        skift, og gå til tilstand 167
    intidSYM     skift, og gå til tilstand 168
    stringidSYM  skift, og gå til tilstand 182

    oneparm  gå til tilstand 456
    id       gå til tilstand 451
    numid    gå til tilstand 185


Tilstand 340

  135 import_stat: importSYM id colonSYM • import_list

    idSYM        skift, og gå til tilstand 167
    intidSYM     skift, og gå til tilstand 168
    stringidSYM  skift, og gå til tilstand 182

    import_list  gå til tilstand 457
    oneparm      gå til tilstand 196
    id           gå til tilstand 451
    numid        gå til tilstand 185


Tilstand 341

  331 oneparm: id lparenSYM • opt_commalist rparenSYM

    $default  reducer med regel 337 (opt_commalist)

    opt_commalist  gå til tilstand 458


Tilstand 342

  313 io_designator: fileSYM numexp • colonSYM
  314              | fileSYM numexp • commaSYM numexp colonSYM

    colonSYM  skift, og gå til tilstand 459
    commaSYM  skift, og gå til tilstand 460


Tilstand 343

  315 io_designator: queueSYM numexp • colonSYM
  316              | queueSYM numexp • commaSYM numexp colonSYM

    colonSYM  skift, og gå til tilstand 461
    commaSYM  skift, og gå til tilstand 462


Tilstand 344

  141 input_modifier: stringSYM colonSYM •

    $default  reducer med regel 141 (input_modifier)


Tilstand 345

  139 input_stat: inputSYM input_modifier lval_list •
  296 lval_list: lval_list • commaSYM lvalue

    commaSYM  skift, og gå til tilstand 463

    $default  reducer med regel 139 (input_stat)


Tilstand 346

  297 lval_list: lvalue •

    $default  reducer med regel 297 (lval_list)


Tilstand 347

  298 lvalue: numlvalue •

    $default  reducer med regel 298 (lvalue)


Tilstand 348

  299 lvalue: strlvalue •

    $default  reducer med regel 299 (lvalue)


Tilstand 349

   99 local_item: stringidSYM ofSYM • numexp

    lparenSYM    skift, og gå til tilstand 128
    minusSYM     skift, og gå til tilstand 129
    plusSYM      skift, og gå til tilstand 130
    rndSYM       skift, og gå til tilstand 131
    sysSYM       skift, og gå til tilstand 132
    syssSYM      skift, og gå til tilstand 133
    rnSYM        skift, og gå til tilstand 134
    rsSYM        skift, og gå til tilstand 135
    tnrnSYM      skift, og gå til tilstand 136
    tnrsSYM      skift, og gå til tilstand 137
    tsrnSYM      skift, og gå til tilstand 138
    tonrsSYM     skift, og gå til tilstand 139
    tsrsSYM      skift, og gå til tilstand 140
    tsrsnSYM     skift, og gå til tilstand 141
    lenSYM       skift, og gå til tilstand 142
    floatnumSYM  skift, og gå til tilstand 143
    idSYM        skift, og gå til tilstand 144
    intidSYM     skift, og gå til tilstand 63
    stringidSYM  skift, og gå til tilstand 64
    intnumSYM    skift, og gå til tilstand 145
    stringSYM    skift, og gå til tilstand 146

    xid            gå til tilstand 147
    numexp         gå til tilstand 464
    numexp2        gå til tilstand 150
    stringexp2     gå til tilstand 163
    string_factor  gå til tilstand 153
    numlvalue2     gå til tilstand 154
    strlvalue2     gå til tilstand 155


Tilstand 350

  100 local_item: stringidSYM dim_ensions • of numexp
  101           | stringidSYM dim_ensions •

    ofSYM     skift, og gå til tilstand 439
    timesSYM  skift, og gå til tilstand 440

    $default  reducer med regel 101 (local_item)

    of  gå til tilstand 465


Tilstand 351

   95 local_list: local_list commaSYM • local_item

    idSYM        skift, og gå til tilstand 167
    intidSYM     skift, og gå til tilstand 168
    stringidSYM  skift, og gå til tilstand 203

    local_item  gå til tilstand 466
    numid       gå til tilstand 206


Tilstand 352

   97 local_item: numid opt_dim_ensions •

    $default  reducer med regel 97 (local_item)


Tilstand 353

  111 opt_dim_ensions: dim_ensions •

    $default  reducer med regel 111 (opt_dim_ensions)


Tilstand 354

  143 open_stat: openSYM fileSYM numexp • commaSYM stringexp commaSYM open_type

    commaSYM  skift, og gå til tilstand 467


Tilstand 355

  144 open_stat: openSYM queueSYM numexp • commaSYM stringexp commaSYM queue_type

    commaSYM  skift, og gå til tilstand 468


Tilstand 356

  166 proc_stat: procSYM idSYM procfunc_head • optclosed opt_external

    closedSYM  skift, og gå til tilstand 452

    $default  reducer med regel 351 (optclosed)

    optclosed  gå til tilstand 469


Tilstand 357

  311 file_designator: fileSYM numexp • colonSYM
  312                | fileSYM numexp • commaSYM numexp colonSYM

    colonSYM  skift, og gå til tilstand 470
    commaSYM  skift, og gå til tilstand 471


Tilstand 358

  167 read_stat: readSYM optfile lval_list •
  296 lval_list: lval_list • commaSYM lvalue

    commaSYM  skift, og gå til tilstand 463

    $default  reducer med regel 167 (read_stat)


Tilstand 359

  198 repeat_stat: repeatSYM simple_stat untilSYM • numexp

    lparenSYM    skift, og gå til tilstand 128
    minusSYM     skift, og gå til tilstand 129
    plusSYM      skift, og gå til tilstand 130
    rndSYM       skift, og gå til tilstand 131
    sysSYM       skift, og gå til tilstand 132
    syssSYM      skift, og gå til tilstand 133
    rnSYM        skift, og gå til tilstand 134
    rsSYM        skift, og gå til tilstand 135
    tnrnSYM      skift, og gå til tilstand 136
    tnrsSYM      skift, og gå til tilstand 137
    tsrnSYM      skift, og gå til tilstand 138
    tonrsSYM     skift, og gå til tilstand 139
    tsrsSYM      skift, og gå til tilstand 140
    tsrsnSYM     skift, og gå til tilstand 141
    lenSYM       skift, og gå til tilstand 142
    floatnumSYM  skift, og gå til tilstand 143
    idSYM        skift, og gå til tilstand 144
    intidSYM     skift, og gå til tilstand 63
    stringidSYM  skift, og gå til tilstand 64
    intnumSYM    skift, og gå til tilstand 145
    stringSYM    skift, og gå til tilstand 146

    xid            gå til tilstand 147
    numexp         gå til tilstand 472
    numexp2        gå til tilstand 150
    stringexp2     gå til tilstand 163
    string_factor  gå til tilstand 153
    numlvalue2     gå til tilstand 154
    strlvalue2     gå til tilstand 155


Tilstand 360

  173 stop_stat: stopSYM spawnSYM numexp •

    $default  reducer med regel 173 (stop_stat)


Tilstand 361

  125 spawn_stat: spawnSYM numexp colonSYM • xid

    idSYM  skift, og gå til tilstand 144

    xid  gå til tilstand 473


Tilstand 362

  178 plusorminus: minusSYM •

    $default  reducer med regel 178 (plusorminus)


Tilstand 363

  177 plusorminus: plusSYM •

    $default  reducer med regel 177 (plusorminus)


Tilstand 364

  176 trap_stat: trapSYM escSYM plusorminus •

    $default  reducer med regel 176 (trap_stat)


Tilstand 365

  190 when_stritem: inSYM stringexp •

    $default  reducer med regel 190 (when_stritem)


Tilstand 366

  182 when_numlist: when_numlist commaSYM • when_numitem

    eqlSYM       skift, og gå til tilstand 233
    geqSYM       skift, og gå til tilstand 234
    gtrSYM       skift, og gå til tilstand 235
    leqSYM       skift, og gå til tilstand 237
    lparenSYM    skift, og gå til tilstand 128
    lssSYM       skift, og gå til tilstand 238
    minusSYM     skift, og gå til tilstand 129
    neqSYM       skift, og gå til tilstand 239
    plusSYM      skift, og gå til tilstand 130
    rndSYM       skift, og gå til tilstand 131
    sysSYM       skift, og gå til tilstand 132
    syssSYM      skift, og gå til tilstand 133
    rnSYM        skift, og gå til tilstand 134
    rsSYM        skift, og gå til tilstand 135
    tnrnSYM      skift, og gå til tilstand 136
    tnrsSYM      skift, og gå til tilstand 137
    tsrnSYM      skift, og gå til tilstand 138
    tonrsSYM     skift, og gå til tilstand 139
    tsrsSYM      skift, og gå til tilstand 140
    tsrsnSYM     skift, og gå til tilstand 141
    lenSYM       skift, og gå til tilstand 142
    floatnumSYM  skift, og gå til tilstand 143
    idSYM        skift, og gå til tilstand 144
    intidSYM     skift, og gå til tilstand 63
    stringidSYM  skift, og gå til tilstand 64
    intnumSYM    skift, og gå til tilstand 145
    stringSYM    skift, og gå til tilstand 146

    when_numitem   gå til tilstand 474
    relop          gå til tilstand 475
    xid            gå til tilstand 147
    numexp         gå til tilstand 246
    numexp2        gå til tilstand 150
    stringexp2     gå til tilstand 163
    string_factor  gå til tilstand 153
    numlvalue2     gå til tilstand 154
    strlvalue2     gå til tilstand 155


Tilstand 367

  186 when_strlist: when_strlist commaSYM • when_stritem

    eqlSYM       skift, og gå til tilstand 233
    geqSYM       skift, og gå til tilstand 234
    gtrSYM       skift, og gå til tilstand 235
    inSYM        skift, og gå til tilstand 236
    leqSYM       skift, og gå til tilstand 237
    lparenSYM    skift, og gå til tilstand 156
    lssSYM       skift, og gå til tilstand 238
    neqSYM       skift, og gå til tilstand 239
    syssSYM      skift, og gå til tilstand 133
    rsSYM        skift, og gå til tilstand 135
    tnrsSYM      skift, og gå til tilstand 137
    tonrsSYM     skift, og gå til tilstand 139
    tsrsSYM      skift, og gå til tilstand 140
    tsrsnSYM     skift, og gå til tilstand 141
    stringidSYM  skift, og gå til tilstand 64
    stringSYM    skift, og gå til tilstand 146

    when_stritem   gå til tilstand 476
    relop          gå til tilstand 477
    stringexp      gå til tilstand 247
    stringexp2     gå til tilstand 158
    string_factor  gå til tilstand 153
    strlvalue2     gå til tilstand 155


Tilstand 368

  184 when_numitem: relop numexp •

    $default  reducer med regel 184 (when_numitem)


Tilstand 369

  188 when_stritem: relop stringexp •

    $default  reducer med regel 188 (when_stritem)


Tilstand 370

  344 optdo: doSYM •

    $default  reducer med regel 344 (optdo)


Tilstand 371

  197 while_stat: whileSYM numexp optdo • optsimple_stat

    chdirSYM          skift, og gå til tilstand 3
    closeSYM          skift, og gå til tilstand 4
    cursorSYM         skift, og gå til tilstand 5
    delSYM            skift, og gå til tilstand 7
    dimSYM            skift, og gå til tilstand 8
    dirSYM            skift, og gå til tilstand 9
    playSYM           skift, og gå til tilstand 11
    toneSYM           skift, og gå til tilstand 12
    sleepSYM          skift, og gå til tilstand 13
    endSYM            skift, og gå til tilstand 22
    execSYM           skift, og gå til tilstand 25
    exitSYM           skift, og gå til tilstand 215
    importSYM         skift, og gå til tilstand 31
    inputSYM          skift, og gå til tilstand 32
    localSYM          skift, og gå til tilstand 33
    mkdirSYM          skift, og gå til tilstand 35
    nullSYM           skift, og gå til tilstand 36
    openSYM           skift, og gå til tilstand 37
    osSYM             skift, og gå til tilstand 38
    pageSYM           skift, og gå til tilstand 40
    printSYM          skift, og gå til tilstand 41
    readSYM           skift, og gå til tilstand 43
    restoreSYM        skift, og gå til tilstand 45
    retrySYM          skift, og gå til tilstand 46
    returnSYM         skift, og gå til tilstand 47
    rmdirSYM          skift, og gå til tilstand 48
    select_inputSYM   skift, og gå til tilstand 49
    select_outputSYM  skift, og gå til tilstand 50
    semicolonSYM      skift, og gå til tilstand 51
    stopSYM           skift, og gå til tilstand 52
    spawnSYM          skift, og gå til tilstand 53
    waitSYM           skift, og gå til tilstand 54
    sysSYM            skift, og gå til tilstand 55
    trapSYM           skift, og gå til tilstand 216
    unitSYM           skift, og gå til tilstand 57
    writeSYM          skift, og gå til tilstand 61
    idSYM             skift, og gå til tilstand 144
    intidSYM          skift, og gå til tilstand 63
    stringidSYM       skift, og gå til tilstand 64

    $default  reducer med regel 341 (optsimple_stat)

    simple_stat      gå til tilstand 454
    simple_1word     gå til tilstand 73
    close_stat       gå til tilstand 75
    cursor_stat      gå til tilstand 76
    chdir_stat       gå til tilstand 77
    rmdir_stat       gå til tilstand 78
    mkdir_stat       gå til tilstand 79
    tone_stat        gå til tilstand 82
    play_stat        gå til tilstand 83
    sleep_stat       gå til tilstand 84
    del_stat         gå til tilstand 85
    dir_stat         gå til tilstand 86
    unit_stat        gå til tilstand 87
    local_stat       gå til tilstand 88
    dim_stat         gå til tilstand 89
    exec_stat        gå til tilstand 92
    spawn_stat       gå til tilstand 93
    wait_stat        gå til tilstand 94
    import_stat      gå til tilstand 98
    input_stat       gå til tilstand 99
    open_stat        gå til tilstand 100
    os_stat          gå til tilstand 101
    print_stat       gå til tilstand 102
    printi           gå til tilstand 103
    read_stat        gå til tilstand 105
    restore_stat     gå til tilstand 106
    return_stat      gå til tilstand 107
    select_out_stat  gå til tilstand 108
    select_in_stat   gå til tilstand 109
    stop_stat        gå til tilstand 110
    sys_stat         gå til tilstand 111
    trap_stat        gå til tilstand 113
    write_stat       gå til tilstand 117
    assign_stat      gå til tilstand 118
    assign_list      gå til tilstand 119
    assign_item      gå til tilstand 120
    xid              gå til tilstand 122
    numlvalue        gå til tilstand 123
    numlvalue2       gå til tilstand 124
    strlvalue        gå til tilstand 125
    strlvalue2       gå til tilstand 126
    optsimple_stat   gå til tilstand 478


Tilstand 372

  199 write_stat: writeSYM file_designator exp_list •
  338 exp_list: exp_list • commaSYM exp

    commaSYM  skift, og gå til tilstand 326

    $default  reducer med regel 199 (write_stat)


Tilstand 373

  216 xid: idSYM lparenSYM opt_commalist • rparenSYM
  336 opt_commalist: opt_commalist • commaSYM

    commaSYM   skift, og gå til tilstand 479
    rparenSYM  skift, og gå til tilstand 480


Tilstand 374

  215 xid: idSYM lparenSYM exp_list • rparenSYM
  338 exp_list: exp_list • commaSYM exp

    commaSYM   skift, og gå til tilstand 326
    rparenSYM  skift, og gå til tilstand 481


Tilstand 375

  304 numlvalue2: intidSYM lparenSYM opt_commalist • rparenSYM
  336 opt_commalist: opt_commalist • commaSYM

    commaSYM   skift, og gå til tilstand 479
    rparenSYM  skift, og gå til tilstand 482


Tilstand 376

  303 numlvalue2: intidSYM lparenSYM exp_list • rparenSYM
  338 exp_list: exp_list • commaSYM exp

    commaSYM   skift, og gå til tilstand 326
    rparenSYM  skift, og gå til tilstand 483


Tilstand 377

  280 substr_spec2: colonSYM • numexp
  282             | colonSYM • numexp colonSYM

    lparenSYM    skift, og gå til tilstand 128
    minusSYM     skift, og gå til tilstand 129
    plusSYM      skift, og gå til tilstand 130
    rndSYM       skift, og gå til tilstand 131
    sysSYM       skift, og gå til tilstand 132
    syssSYM      skift, og gå til tilstand 133
    rnSYM        skift, og gå til tilstand 134
    rsSYM        skift, og gå til tilstand 135
    tnrnSYM      skift, og gå til tilstand 136
    tnrsSYM      skift, og gå til tilstand 137
    tsrnSYM      skift, og gå til tilstand 138
    tonrsSYM     skift, og gå til tilstand 139
    tsrsSYM      skift, og gå til tilstand 140
    tsrsnSYM     skift, og gå til tilstand 141
    lenSYM       skift, og gå til tilstand 142
    floatnumSYM  skift, og gå til tilstand 143
    idSYM        skift, og gå til tilstand 144
    intidSYM     skift, og gå til tilstand 63
    stringidSYM  skift, og gå til tilstand 64
    intnumSYM    skift, og gå til tilstand 145
    stringSYM    skift, og gå til tilstand 146

    xid            gå til tilstand 147
    numexp         gå til tilstand 484
    numexp2        gå til tilstand 150
    stringexp2     gå til tilstand 163
    string_factor  gå til tilstand 153
    numlvalue2     gå til tilstand 154
    strlvalue2     gå til tilstand 155


Tilstand 378

  217 exp: numexp •
  279 substr_spec2: numexp • colonSYM numexp
  281             | numexp • colonSYM

    colonSYM  skift, og gå til tilstand 485

    $default  reducer med regel 217 (exp)


Tilstand 379

  278 substr_spec: lparenSYM substr_spec2 • rparenSYM

    rparenSYM  skift, og gå til tilstand 486


Tilstand 380

  310 strlvalue2: stringidSYM lparenSYM opt_commalist • rparenSYM
  336 opt_commalist: opt_commalist • commaSYM

    commaSYM   skift, og gå til tilstand 479
    rparenSYM  skift, og gå til tilstand 487


Tilstand 381

  307 strlvalue2: stringidSYM lparenSYM exp_list • rparenSYM
  309           | stringidSYM lparenSYM exp_list • rparenSYM substr_spec
  338 exp_list: exp_list • commaSYM exp

    commaSYM   skift, og gå til tilstand 326
    rparenSYM  skift, og gå til tilstand 488


Tilstand 382

    3 comal_line: intnumSYM program_line optrem •

    $default  reducer med regel 3 (comal_line)


Tilstand 383

  154 print_stat: printi usingSYM stringexp • colonSYM prnum_list optpr_sep

    colonSYM  skift, og gå til tilstand 489


Tilstand 384

  162 pr_sep: commaSYM •

    $default  reducer med regel 162 (pr_sep)


Tilstand 385

  163 pr_sep: semicolonSYM •

    $default  reducer med regel 163 (pr_sep)


Tilstand 386

  160 print_list: print_list pr_sep • exp
  164 optpr_sep: pr_sep •

    lparenSYM    skift, og gå til tilstand 128
    minusSYM     skift, og gå til tilstand 129
    plusSYM      skift, og gå til tilstand 130
    rndSYM       skift, og gå til tilstand 131
    sysSYM       skift, og gå til tilstand 132
    syssSYM      skift, og gå til tilstand 133
    rnSYM        skift, og gå til tilstand 134
    rsSYM        skift, og gå til tilstand 135
    tnrnSYM      skift, og gå til tilstand 136
    tnrsSYM      skift, og gå til tilstand 137
    tsrnSYM      skift, og gå til tilstand 138
    tonrsSYM     skift, og gå til tilstand 139
    tsrsSYM      skift, og gå til tilstand 140
    tsrsnSYM     skift, og gå til tilstand 141
    lenSYM       skift, og gå til tilstand 142
    floatnumSYM  skift, og gå til tilstand 143
    idSYM        skift, og gå til tilstand 144
    intidSYM     skift, og gå til tilstand 63
    stringidSYM  skift, og gå til tilstand 64
    intnumSYM    skift, og gå til tilstand 145
    stringSYM    skift, og gå til tilstand 146

    $default  reducer med regel 164 (optpr_sep)

    xid            gå til tilstand 147
    exp            gå til tilstand 490
    numexp         gå til tilstand 149
    numexp2        gå til tilstand 150
    stringexp      gå til tilstand 151
    stringexp2     gå til tilstand 152
    string_factor  gå til tilstand 153
    numlvalue2     gå til tilstand 154
    strlvalue2     gå til tilstand 155


Tilstand 387

  153 print_stat: printi print_list optpr_sep •

    $default  reducer med regel 153 (print_stat)


Tilstand 388

  155 print_stat: printi io_designator print_list •
  160 print_list: print_list • pr_sep exp

    commaSYM      skift, og gå til tilstand 384
    semicolonSYM  skift, og gå til tilstand 385

    $default  reducer med regel 155 (print_stat)

    pr_sep  gå til tilstand 491


Tilstand 389

  201 assign_list: assign_list semicolonSYM assign_item •

    $default  reducer med regel 201 (assign_list)


Tilstand 390

  203 assign_item: numlvalue nassign numexp •

    $default  reducer med regel 203 (assign_item)


Tilstand 391

  204 assign_item: strlvalue sassign stringexp •

    $default  reducer med regel 204 (assign_item)


Tilstand 392

  259 numexp2: lparenSYM numexp2 rparenSYM •

    $default  reducer med regel 259 (numexp2)


Tilstand 393

  275 string_factor: lparenSYM stringexp2 rparenSYM •

    $default  reducer med regel 275 (string_factor)


Tilstand 394

  220 numexp2: numexp2 • eqlSYM numexp2
  221        | numexp2 • neqSYM numexp2
  222        | numexp2 • lssSYM numexp2
  223        | numexp2 • gtrSYM numexp2
  224        | numexp2 • leqSYM numexp2
  225        | numexp2 • geqSYM numexp2
  226        | numexp2 • andSYM numexp2
  227        | numexp2 • andthenSYM numexp2
  228        | numexp2 • orSYM numexp2
  229        | numexp2 • orthenSYM numexp2
  230        | numexp2 • eorSYM numexp2
  231        | numexp2 • plusSYM numexp2
  232        | numexp2 • minusSYM numexp2
  233        | numexp2 • timesSYM numexp2
  234        | numexp2 • divideSYM numexp2
  235        | numexp2 • powerSYM numexp2
  236        | numexp2 • divSYM numexp2
  237        | numexp2 • modSYM numexp2
  255        | rndSYM lparenSYM numexp2 • rparenSYM
  256        | rndSYM lparenSYM numexp2 • commaSYM numexp2 rparenSYM

    andSYM      skift, og gå til tilstand 294
    andthenSYM  skift, og gå til tilstand 295
    commaSYM    skift, og gå til tilstand 492
    divideSYM   skift, og gå til tilstand 296
    divSYM      skift, og gå til tilstand 297
    eorSYM      skift, og gå til tilstand 298
    eqlSYM      skift, og gå til tilstand 299
    geqSYM      skift, og gå til tilstand 300
    gtrSYM      skift, og gå til tilstand 301
    leqSYM      skift, og gå til tilstand 302
    lssSYM      skift, og gå til tilstand 303
    minusSYM    skift, og gå til tilstand 304
    modSYM      skift, og gå til tilstand 305
    neqSYM      skift, og gå til tilstand 306
    orSYM       skift, og gå til tilstand 307
    orthenSYM   skift, og gå til tilstand 308
    plusSYM     skift, og gå til tilstand 309
    powerSYM    skift, og gå til tilstand 310
    rparenSYM   skift, og gå til tilstand 493
    timesSYM    skift, og gå til tilstand 311


Tilstand 395

  258 numexp2: sysSYM lparenSYM exp_list • rparenSYM
  338 exp_list: exp_list • commaSYM exp

    commaSYM   skift, og gå til tilstand 326
    rparenSYM  skift, og gå til tilstand 494


Tilstand 396

  273 string_factor: syssSYM lparenSYM exp_list • rparenSYM
  338 exp_list: exp_list • commaSYM exp

    commaSYM   skift, og gå til tilstand 326
    rparenSYM  skift, og gå til tilstand 495


Tilstand 397

  220 numexp2: numexp2 • eqlSYM numexp2
  221        | numexp2 • neqSYM numexp2
  222        | numexp2 • lssSYM numexp2
  223        | numexp2 • gtrSYM numexp2
  224        | numexp2 • leqSYM numexp2
  225        | numexp2 • geqSYM numexp2
  226        | numexp2 • andSYM numexp2
  227        | numexp2 • andthenSYM numexp2
  228        | numexp2 • orSYM numexp2
  229        | numexp2 • orthenSYM numexp2
  230        | numexp2 • eorSYM numexp2
  231        | numexp2 • plusSYM numexp2
  232        | numexp2 • minusSYM numexp2
  233        | numexp2 • timesSYM numexp2
  234        | numexp2 • divideSYM numexp2
  235        | numexp2 • powerSYM numexp2
  236        | numexp2 • divSYM numexp2
  237        | numexp2 • modSYM numexp2
  253        | tnrnSYM lparenSYM numexp2 • rparenSYM

    andSYM      skift, og gå til tilstand 294
    andthenSYM  skift, og gå til tilstand 295
    divideSYM   skift, og gå til tilstand 296
    divSYM      skift, og gå til tilstand 297
    eorSYM      skift, og gå til tilstand 298
    eqlSYM      skift, og gå til tilstand 299
    geqSYM      skift, og gå til tilstand 300
    gtrSYM      skift, og gå til tilstand 301
    leqSYM      skift, og gå til tilstand 302
    lssSYM      skift, og gå til tilstand 303
    minusSYM    skift, og gå til tilstand 304
    modSYM      skift, og gå til tilstand 305
    neqSYM      skift, og gå til tilstand 306
    orSYM       skift, og gå til tilstand 307
    orthenSYM   skift, og gå til tilstand 308
    plusSYM     skift, og gå til tilstand 309
    powerSYM    skift, og gå til tilstand 310
    rparenSYM   skift, og gå til tilstand 496
    timesSYM    skift, og gå til tilstand 311


Tilstand 398

  220 numexp2: numexp2 • eqlSYM numexp2
  221        | numexp2 • neqSYM numexp2
  222        | numexp2 • lssSYM numexp2
  223        | numexp2 • gtrSYM numexp2
  224        | numexp2 • leqSYM numexp2
  225        | numexp2 • geqSYM numexp2
  226        | numexp2 • andSYM numexp2
  227        | numexp2 • andthenSYM numexp2
  228        | numexp2 • orSYM numexp2
  229        | numexp2 • orthenSYM numexp2
  230        | numexp2 • eorSYM numexp2
  231        | numexp2 • plusSYM numexp2
  232        | numexp2 • minusSYM numexp2
  233        | numexp2 • timesSYM numexp2
  234        | numexp2 • divideSYM numexp2
  235        | numexp2 • powerSYM numexp2
  236        | numexp2 • divSYM numexp2
  237        | numexp2 • modSYM numexp2
  268 string_factor: tnrsSYM lparenSYM numexp2 • rparenSYM

    andSYM      skift, og gå til tilstand 294
    andthenSYM  skift, og gå til tilstand 295
    divideSYM   skift, og gå til tilstand 296
    divSYM      skift, og gå til tilstand 297
    eorSYM      skift, og gå til tilstand 298
    eqlSYM      skift, og gå til tilstand 299
    geqSYM      skift, og gå til tilstand 300
    gtrSYM      skift, og gå til tilstand 301
    leqSYM      skift, og gå til tilstand 302
    lssSYM      skift, og gå til tilstand 303
    minusSYM    skift, og gå til tilstand 304
    modSYM      skift, og gå til tilstand 305
    neqSYM      skift, og gå til tilstand 306
    orSYM       skift, og gå til tilstand 307
    orthenSYM   skift, og gå til tilstand 308
    plusSYM     skift, og gå til tilstand 309
    powerSYM    skift, og gå til tilstand 310
    rparenSYM   skift, og gå til tilstand 497
    timesSYM    skift, og gå til tilstand 311


Tilstand 399

  250 numexp2: tsrnSYM lparenSYM stringexp2 • rparenSYM
  261 stringexp2: stringexp2 • plusSYM string_factor
  263           | stringexp2 • timesSYM numexp2

    plusSYM    skift, og gå til tilstand 319
    rparenSYM  skift, og gå til tilstand 498
    timesSYM   skift, og gå til tilstand 320


Tilstand 400

  220 numexp2: numexp2 • eqlSYM numexp2
  221        | numexp2 • neqSYM numexp2
  222        | numexp2 • lssSYM numexp2
  223        | numexp2 • gtrSYM numexp2
  224        | numexp2 • leqSYM numexp2
  225        | numexp2 • geqSYM numexp2
  226        | numexp2 • andSYM numexp2
  227        | numexp2 • andthenSYM numexp2
  228        | numexp2 • orSYM numexp2
  229        | numexp2 • orthenSYM numexp2
  230        | numexp2 • eorSYM numexp2
  231        | numexp2 • plusSYM numexp2
  232        | numexp2 • minusSYM numexp2
  233        | numexp2 • timesSYM numexp2
  234        | numexp2 • divideSYM numexp2
  235        | numexp2 • powerSYM numexp2
  236        | numexp2 • divSYM numexp2
  237        | numexp2 • modSYM numexp2
  276 opt_arg: lparenSYM numexp2 • rparenSYM

    andSYM      skift, og gå til tilstand 294
    andthenSYM  skift, og gå til tilstand 295
    divideSYM   skift, og gå til tilstand 296
    divSYM      skift, og gå til tilstand 297
    eorSYM      skift, og gå til tilstand 298
    eqlSYM      skift, og gå til tilstand 299
    geqSYM      skift, og gå til tilstand 300
    gtrSYM      skift, og gå til tilstand 301
    leqSYM      skift, og gå til tilstand 302
    lssSYM      skift, og gå til tilstand 303
    minusSYM    skift, og gå til tilstand 304
    modSYM      skift, og gå til tilstand 305
    neqSYM      skift, og gå til tilstand 306
    orSYM       skift, og gå til tilstand 307
    orthenSYM   skift, og gå til tilstand 308
    plusSYM     skift, og gå til tilstand 309
    powerSYM    skift, og gå til tilstand 310
    rparenSYM   skift, og gå til tilstand 499
    timesSYM    skift, og gå til tilstand 311


Tilstand 401

  261 stringexp2: stringexp2 • plusSYM string_factor
  263           | stringexp2 • timesSYM numexp2
  269 string_factor: tsrsSYM lparenSYM stringexp2 • rparenSYM

    plusSYM    skift, og gå til tilstand 319
    rparenSYM  skift, og gå til tilstand 500
    timesSYM   skift, og gå til tilstand 320


Tilstand 402

  274 string_factor: tsrsnSYM lparenSYM exp_list • rparenSYM
  338 exp_list: exp_list • commaSYM exp

    commaSYM   skift, og gå til tilstand 326
    rparenSYM  skift, og gå til tilstand 501


Tilstand 403

  220 numexp2: numexp2 • eqlSYM numexp2
  221        | numexp2 • neqSYM numexp2
  222        | numexp2 • lssSYM numexp2
  223        | numexp2 • gtrSYM numexp2
  224        | numexp2 • leqSYM numexp2
  225        | numexp2 • geqSYM numexp2
  226        | numexp2 • andSYM numexp2
  227        | numexp2 • andthenSYM numexp2
  228        | numexp2 • orSYM numexp2
  229        | numexp2 • orthenSYM numexp2
  230        | numexp2 • eorSYM numexp2
  231        | numexp2 • plusSYM numexp2
  232        | numexp2 • minusSYM numexp2
  233        | numexp2 • timesSYM numexp2
  234        | numexp2 • divideSYM numexp2
  235        | numexp2 • powerSYM numexp2
  236        | numexp2 • divSYM numexp2
  237        | numexp2 • modSYM numexp2
  252        | lenSYM lparenSYM numexp2 • rparenSYM

    andSYM      skift, og gå til tilstand 294
    andthenSYM  skift, og gå til tilstand 295
    divideSYM   skift, og gå til tilstand 296
    divSYM      skift, og gå til tilstand 297
    eorSYM      skift, og gå til tilstand 298
    eqlSYM      skift, og gå til tilstand 299
    geqSYM      skift, og gå til tilstand 300
    gtrSYM      skift, og gå til tilstand 301
    leqSYM      skift, og gå til tilstand 302
    lssSYM      skift, og gå til tilstand 303
    minusSYM    skift, og gå til tilstand 304
    modSYM      skift, og gå til tilstand 305
    neqSYM      skift, og gå til tilstand 306
    orSYM       skift, og gå til tilstand 307
    orthenSYM   skift, og gå til tilstand 308
    plusSYM     skift, og gå til tilstand 309
    powerSYM    skift, og gå til tilstand 310
    rparenSYM   skift, og gå til tilstand 502
    timesSYM    skift, og gå til tilstand 311


Tilstand 404

  238 numexp2: stringexp2 • eqlSYM stringexp2
  239        | stringexp2 • neqSYM stringexp2
  240        | stringexp2 • lssSYM stringexp2
  241        | stringexp2 • gtrSYM stringexp2
  242        | stringexp2 • leqSYM stringexp2
  243        | stringexp2 • geqSYM stringexp2
  244        | stringexp2 • inSYM stringexp2
  251        | lenSYM lparenSYM stringexp2 • rparenSYM
  261 stringexp2: stringexp2 • plusSYM string_factor
  263           | stringexp2 • timesSYM numexp2

    eqlSYM     skift, og gå til tilstand 312
    geqSYM     skift, og gå til tilstand 313
    gtrSYM     skift, og gå til tilstand 314
    inSYM      skift, og gå til tilstand 315
    leqSYM     skift, og gå til tilstand 316
    lssSYM     skift, og gå til tilstand 317
    neqSYM     skift, og gå til tilstand 318
    plusSYM    skift, og gå til tilstand 319
    rparenSYM  skift, og gå til tilstand 503
    timesSYM   skift, og gå til tilstand 320


Tilstand 405

  220 numexp2: numexp2 • eqlSYM numexp2
  221        | numexp2 • neqSYM numexp2
  222        | numexp2 • lssSYM numexp2
  223        | numexp2 • gtrSYM numexp2
  224        | numexp2 • leqSYM numexp2
  225        | numexp2 • geqSYM numexp2
  226        | numexp2 • andSYM numexp2
  226        | numexp2 andSYM numexp2 •
  227        | numexp2 • andthenSYM numexp2
  228        | numexp2 • orSYM numexp2
  229        | numexp2 • orthenSYM numexp2
  230        | numexp2 • eorSYM numexp2
  231        | numexp2 • plusSYM numexp2
  232        | numexp2 • minusSYM numexp2
  233        | numexp2 • timesSYM numexp2
  234        | numexp2 • divideSYM numexp2
  235        | numexp2 • powerSYM numexp2
  236        | numexp2 • divSYM numexp2
  237        | numexp2 • modSYM numexp2

    divideSYM  skift, og gå til tilstand 296
    divSYM     skift, og gå til tilstand 297
    eqlSYM     skift, og gå til tilstand 299
    geqSYM     skift, og gå til tilstand 300
    gtrSYM     skift, og gå til tilstand 301
    leqSYM     skift, og gå til tilstand 302
    lssSYM     skift, og gå til tilstand 303
    minusSYM   skift, og gå til tilstand 304
    modSYM     skift, og gå til tilstand 305
    neqSYM     skift, og gå til tilstand 306
    plusSYM    skift, og gå til tilstand 309
    powerSYM   skift, og gå til tilstand 310
    timesSYM   skift, og gå til tilstand 311

    $default  reducer med regel 226 (numexp2)


Tilstand 406

  220 numexp2: numexp2 • eqlSYM numexp2
  221        | numexp2 • neqSYM numexp2
  222        | numexp2 • lssSYM numexp2
  223        | numexp2 • gtrSYM numexp2
  224        | numexp2 • leqSYM numexp2
  225        | numexp2 • geqSYM numexp2
  226        | numexp2 • andSYM numexp2
  227        | numexp2 • andthenSYM numexp2
  227        | numexp2 andthenSYM numexp2 •
  228        | numexp2 • orSYM numexp2
  229        | numexp2 • orthenSYM numexp2
  230        | numexp2 • eorSYM numexp2
  231        | numexp2 • plusSYM numexp2
  232        | numexp2 • minusSYM numexp2
  233        | numexp2 • timesSYM numexp2
  234        | numexp2 • divideSYM numexp2
  235        | numexp2 • powerSYM numexp2
  236        | numexp2 • divSYM numexp2
  237        | numexp2 • modSYM numexp2

    divideSYM  skift, og gå til tilstand 296
    divSYM     skift, og gå til tilstand 297
    eqlSYM     skift, og gå til tilstand 299
    geqSYM     skift, og gå til tilstand 300
    gtrSYM     skift, og gå til tilstand 301
    leqSYM     skift, og gå til tilstand 302
    lssSYM     skift, og gå til tilstand 303
    minusSYM   skift, og gå til tilstand 304
    modSYM     skift, og gå til tilstand 305
    neqSYM     skift, og gå til tilstand 306
    plusSYM    skift, og gå til tilstand 309
    powerSYM   skift, og gå til tilstand 310
    timesSYM   skift, og gå til tilstand 311

    $default  reducer med regel 227 (numexp2)


Tilstand 407

  220 numexp2: numexp2 • eqlSYM numexp2
  221        | numexp2 • neqSYM numexp2
  222        | numexp2 • lssSYM numexp2
  223        | numexp2 • gtrSYM numexp2
  224        | numexp2 • leqSYM numexp2
  225        | numexp2 • geqSYM numexp2
  226        | numexp2 • andSYM numexp2
  227        | numexp2 • andthenSYM numexp2
  228        | numexp2 • orSYM numexp2
  229        | numexp2 • orthenSYM numexp2
  230        | numexp2 • eorSYM numexp2
  231        | numexp2 • plusSYM numexp2
  232        | numexp2 • minusSYM numexp2
  233        | numexp2 • timesSYM numexp2
  234        | numexp2 • divideSYM numexp2
  234        | numexp2 divideSYM numexp2 •
  235        | numexp2 • powerSYM numexp2
  236        | numexp2 • divSYM numexp2
  237        | numexp2 • modSYM numexp2

    powerSYM  skift, og gå til tilstand 310

    $default  reducer med regel 234 (numexp2)


Tilstand 408

  220 numexp2: numexp2 • eqlSYM numexp2
  221        | numexp2 • neqSYM numexp2
  222        | numexp2 • lssSYM numexp2
  223        | numexp2 • gtrSYM numexp2
  224        | numexp2 • leqSYM numexp2
  225        | numexp2 • geqSYM numexp2
  226        | numexp2 • andSYM numexp2
  227        | numexp2 • andthenSYM numexp2
  228        | numexp2 • orSYM numexp2
  229        | numexp2 • orthenSYM numexp2
  230        | numexp2 • eorSYM numexp2
  231        | numexp2 • plusSYM numexp2
  232        | numexp2 • minusSYM numexp2
  233        | numexp2 • timesSYM numexp2
  234        | numexp2 • divideSYM numexp2
  235        | numexp2 • powerSYM numexp2
  236        | numexp2 • divSYM numexp2
  236        | numexp2 divSYM numexp2 •
  237        | numexp2 • modSYM numexp2

    powerSYM  skift, og gå til tilstand 310

    $default  reducer med regel 236 (numexp2)


Tilstand 409

  220 numexp2: numexp2 • eqlSYM numexp2
  221        | numexp2 • neqSYM numexp2
  222        | numexp2 • lssSYM numexp2
  223        | numexp2 • gtrSYM numexp2
  224        | numexp2 • leqSYM numexp2
  225        | numexp2 • geqSYM numexp2
  226        | numexp2 • andSYM numexp2
  227        | numexp2 • andthenSYM numexp2
  228        | numexp2 • orSYM numexp2
  229        | numexp2 • orthenSYM numexp2
  230        | numexp2 • eorSYM numexp2
  230        | numexp2 eorSYM numexp2 •
  231        | numexp2 • plusSYM numexp2
  232        | numexp2 • minusSYM numexp2
  233        | numexp2 • timesSYM numexp2
  234        | numexp2 • divideSYM numexp2
  235        | numexp2 • powerSYM numexp2
  236        | numexp2 • divSYM numexp2
  237        | numexp2 • modSYM numexp2

    divideSYM  skift, og gå til tilstand 296
    divSYM     skift, og gå til tilstand 297
    eqlSYM     skift, og gå til tilstand 299
    geqSYM     skift, og gå til tilstand 300
    gtrSYM     skift, og gå til tilstand 301
    leqSYM     skift, og gå til tilstand 302
    lssSYM     skift, og gå til tilstand 303
    minusSYM   skift, og gå til tilstand 304
    modSYM     skift, og gå til tilstand 305
    neqSYM     skift, og gå til tilstand 306
    plusSYM    skift, og gå til tilstand 309
    powerSYM   skift, og gå til tilstand 310
    timesSYM   skift, og gå til tilstand 311

    $default  reducer med regel 230 (numexp2)


Tilstand 410

  220 numexp2: numexp2 • eqlSYM numexp2
  220        | numexp2 eqlSYM numexp2 •
  221        | numexp2 • neqSYM numexp2
  222        | numexp2 • lssSYM numexp2
  223        | numexp2 • gtrSYM numexp2
  224        | numexp2 • leqSYM numexp2
  225        | numexp2 • geqSYM numexp2
  226        | numexp2 • andSYM numexp2
  227        | numexp2 • andthenSYM numexp2
  228        | numexp2 • orSYM numexp2
  229        | numexp2 • orthenSYM numexp2
  230        | numexp2 • eorSYM numexp2
  231        | numexp2 • plusSYM numexp2
  232        | numexp2 • minusSYM numexp2
  233        | numexp2 • timesSYM numexp2
  234        | numexp2 • divideSYM numexp2
  235        | numexp2 • powerSYM numexp2
  236        | numexp2 • divSYM numexp2
  237        | numexp2 • modSYM numexp2

    divideSYM  skift, og gå til tilstand 296
    divSYM     skift, og gå til tilstand 297
    minusSYM   skift, og gå til tilstand 304
    modSYM     skift, og gå til tilstand 305
    plusSYM    skift, og gå til tilstand 309
    powerSYM   skift, og gå til tilstand 310
    timesSYM   skift, og gå til tilstand 311

    $default  reducer med regel 220 (numexp2)


Tilstand 411

  220 numexp2: numexp2 • eqlSYM numexp2
  221        | numexp2 • neqSYM numexp2
  222        | numexp2 • lssSYM numexp2
  223        | numexp2 • gtrSYM numexp2
  224        | numexp2 • leqSYM numexp2
  225        | numexp2 • geqSYM numexp2
  225        | numexp2 geqSYM numexp2 •
  226        | numexp2 • andSYM numexp2
  227        | numexp2 • andthenSYM numexp2
  228        | numexp2 • orSYM numexp2
  229        | numexp2 • orthenSYM numexp2
  230        | numexp2 • eorSYM numexp2
  231        | numexp2 • plusSYM numexp2
  232        | numexp2 • minusSYM numexp2
  233        | numexp2 • timesSYM numexp2
  234        | numexp2 • divideSYM numexp2
  235        | numexp2 • powerSYM numexp2
  236        | numexp2 • divSYM numexp2
  237        | numexp2 • modSYM numexp2

    divideSYM  skift, og gå til tilstand 296
    divSYM     skift, og gå til tilstand 297
    minusSYM   skift, og gå til tilstand 304
    modSYM     skift, og gå til tilstand 305
    plusSYM    skift, og gå til tilstand 309
    powerSYM   skift, og gå til tilstand 310
    timesSYM   skift, og gå til tilstand 311

    $default  reducer med regel 225 (numexp2)


Tilstand 412

  220 numexp2: numexp2 • eqlSYM numexp2
  221        | numexp2 • neqSYM numexp2
  222        | numexp2 • lssSYM numexp2
  223        | numexp2 • gtrSYM numexp2
  223        | numexp2 gtrSYM numexp2 •
  224        | numexp2 • leqSYM numexp2
  225        | numexp2 • geqSYM numexp2
  226        | numexp2 • andSYM numexp2
  227        | numexp2 • andthenSYM numexp2
  228        | numexp2 • orSYM numexp2
  229        | numexp2 • orthenSYM numexp2
  230        | numexp2 • eorSYM numexp2
  231        | numexp2 • plusSYM numexp2
  232        | numexp2 • minusSYM numexp2
  233        | numexp2 • timesSYM numexp2
  234        | numexp2 • divideSYM numexp2
  235        | numexp2 • powerSYM numexp2
  236        | numexp2 • divSYM numexp2
  237        | numexp2 • modSYM numexp2

    divideSYM  skift, og gå til tilstand 296
    divSYM     skift, og gå til tilstand 297
    minusSYM   skift, og gå til tilstand 304
    modSYM     skift, og gå til tilstand 305
    plusSYM    skift, og gå til tilstand 309
    powerSYM   skift, og gå til tilstand 310
    timesSYM   skift, og gå til tilstand 311

    $default  reducer med regel 223 (numexp2)


Tilstand 413

  220 numexp2: numexp2 • eqlSYM numexp2
  221        | numexp2 • neqSYM numexp2
  222        | numexp2 • lssSYM numexp2
  223        | numexp2 • gtrSYM numexp2
  224        | numexp2 • leqSYM numexp2
  224        | numexp2 leqSYM numexp2 •
  225        | numexp2 • geqSYM numexp2
  226        | numexp2 • andSYM numexp2
  227        | numexp2 • andthenSYM numexp2
  228        | numexp2 • orSYM numexp2
  229        | numexp2 • orthenSYM numexp2
  230        | numexp2 • eorSYM numexp2
  231        | numexp2 • plusSYM numexp2
  232        | numexp2 • minusSYM numexp2
  233        | numexp2 • timesSYM numexp2
  234        | numexp2 • divideSYM numexp2
  235        | numexp2 • powerSYM numexp2
  236        | numexp2 • divSYM numexp2
  237        | numexp2 • modSYM numexp2

    divideSYM  skift, og gå til tilstand 296
    divSYM     skift, og gå til tilstand 297
    minusSYM   skift, og gå til tilstand 304
    modSYM     skift, og gå til tilstand 305
    plusSYM    skift, og gå til tilstand 309
    powerSYM   skift, og gå til tilstand 310
    timesSYM   skift, og gå til tilstand 311

    $default  reducer med regel 224 (numexp2)


Tilstand 414

  220 numexp2: numexp2 • eqlSYM numexp2
  221        | numexp2 • neqSYM numexp2
  222        | numexp2 • lssSYM numexp2
  222        | numexp2 lssSYM numexp2 •
  223        | numexp2 • gtrSYM numexp2
  224        | numexp2 • leqSYM numexp2
  225        | numexp2 • geqSYM numexp2
  226        | numexp2 • andSYM numexp2
  227        | numexp2 • andthenSYM numexp2
  228        | numexp2 • orSYM numexp2
  229        | numexp2 • orthenSYM numexp2
  230        | numexp2 • eorSYM numexp2
  231        | numexp2 • plusSYM numexp2
  232        | numexp2 • minusSYM numexp2
  233        | numexp2 • timesSYM numexp2
  234        | numexp2 • divideSYM numexp2
  235        | numexp2 • powerSYM numexp2
  236        | numexp2 • divSYM numexp2
  237        | numexp2 • modSYM numexp2

    divideSYM  skift, og gå til tilstand 296
    divSYM     skift, og gå til tilstand 297
    minusSYM   skift, og gå til tilstand 304
    modSYM     skift, og gå til tilstand 305
    plusSYM    skift, og gå til tilstand 309
    powerSYM   skift, og gå til tilstand 310
    timesSYM   skift, og gå til tilstand 311

    $default  reducer med regel 222 (numexp2)


Tilstand 415

  220 numexp2: numexp2 • eqlSYM numexp2
  221        | numexp2 • neqSYM numexp2
  222        | numexp2 • lssSYM numexp2
  223        | numexp2 • gtrSYM numexp2
  224        | numexp2 • leqSYM numexp2
  225        | numexp2 • geqSYM numexp2
  226        | numexp2 • andSYM numexp2
  227        | numexp2 • andthenSYM numexp2
  228        | numexp2 • orSYM numexp2
  229        | numexp2 • orthenSYM numexp2
  230        | numexp2 • eorSYM numexp2
  231        | numexp2 • plusSYM numexp2
  232        | numexp2 • minusSYM numexp2
  232        | numexp2 minusSYM numexp2 •
  233        | numexp2 • timesSYM numexp2
  234        | numexp2 • divideSYM numexp2
  235        | numexp2 • powerSYM numexp2
  236        | numexp2 • divSYM numexp2
  237        | numexp2 • modSYM numexp2

    divideSYM  skift, og gå til tilstand 296
    divSYM     skift, og gå til tilstand 297
    modSYM     skift, og gå til tilstand 305
    powerSYM   skift, og gå til tilstand 310
    timesSYM   skift, og gå til tilstand 311

    $default  reducer med regel 232 (numexp2)


Tilstand 416

  220 numexp2: numexp2 • eqlSYM numexp2
  221        | numexp2 • neqSYM numexp2
  222        | numexp2 • lssSYM numexp2
  223        | numexp2 • gtrSYM numexp2
  224        | numexp2 • leqSYM numexp2
  225        | numexp2 • geqSYM numexp2
  226        | numexp2 • andSYM numexp2
  227        | numexp2 • andthenSYM numexp2
  228        | numexp2 • orSYM numexp2
  229        | numexp2 • orthenSYM numexp2
  230        | numexp2 • eorSYM numexp2
  231        | numexp2 • plusSYM numexp2
  232        | numexp2 • minusSYM numexp2
  233        | numexp2 • timesSYM numexp2
  234        | numexp2 • divideSYM numexp2
  235        | numexp2 • powerSYM numexp2
  236        | numexp2 • divSYM numexp2
  237        | numexp2 • modSYM numexp2
  237        | numexp2 modSYM numexp2 •

    powerSYM  skift, og gå til tilstand 310

    $default  reducer med regel 237 (numexp2)


Tilstand 417

  220 numexp2: numexp2 • eqlSYM numexp2
  221        | numexp2 • neqSYM numexp2
  221        | numexp2 neqSYM numexp2 •
  222        | numexp2 • lssSYM numexp2
  223        | numexp2 • gtrSYM numexp2
  224        | numexp2 • leqSYM numexp2
  225        | numexp2 • geqSYM numexp2
  226        | numexp2 • andSYM numexp2
  227        | numexp2 • andthenSYM numexp2
  228        | numexp2 • orSYM numexp2
  229        | numexp2 • orthenSYM numexp2
  230        | numexp2 • eorSYM numexp2
  231        | numexp2 • plusSYM numexp2
  232        | numexp2 • minusSYM numexp2
  233        | numexp2 • timesSYM numexp2
  234        | numexp2 • divideSYM numexp2
  235        | numexp2 • powerSYM numexp2
  236        | numexp2 • divSYM numexp2
  237        | numexp2 • modSYM numexp2

    divideSYM  skift, og gå til tilstand 296
    divSYM     skift, og gå til tilstand 297
    minusSYM   skift, og gå til tilstand 304
    modSYM     skift, og gå til tilstand 305
    plusSYM    skift, og gå til tilstand 309
    powerSYM   skift, og gå til tilstand 310
    timesSYM   skift, og gå til tilstand 311

    $default  reducer med regel 221 (numexp2)


Tilstand 418

  220 numexp2: numexp2 • eqlSYM numexp2
  221        | numexp2 • neqSYM numexp2
  222        | numexp2 • lssSYM numexp2
  223        | numexp2 • gtrSYM numexp2
  224        | numexp2 • leqSYM numexp2
  225        | numexp2 • geqSYM numexp2
  226        | numexp2 • andSYM numexp2
  227        | numexp2 • andthenSYM numexp2
  228        | numexp2 • orSYM numexp2
  228        | numexp2 orSYM numexp2 •
  229        | numexp2 • orthenSYM numexp2
  230        | numexp2 • eorSYM numexp2
  231        | numexp2 • plusSYM numexp2
  232        | numexp2 • minusSYM numexp2
  233        | numexp2 • timesSYM numexp2
  234        | numexp2 • divideSYM numexp2
  235        | numexp2 • powerSYM numexp2
  236        | numexp2 • divSYM numexp2
  237        | numexp2 • modSYM numexp2

    divideSYM  skift, og gå til tilstand 296
    divSYM     skift, og gå til tilstand 297
    eqlSYM     skift, og gå til tilstand 299
    geqSYM     skift, og gå til tilstand 300
    gtrSYM     skift, og gå til tilstand 301
    leqSYM     skift, og gå til tilstand 302
    lssSYM     skift, og gå til tilstand 303
    minusSYM   skift, og gå til tilstand 304
    modSYM     skift, og gå til tilstand 305
    neqSYM     skift, og gå til tilstand 306
    plusSYM    skift, og gå til tilstand 309
    powerSYM   skift, og gå til tilstand 310
    timesSYM   skift, og gå til tilstand 311

    $default  reducer med regel 228 (numexp2)


Tilstand 419

  220 numexp2: numexp2 • eqlSYM numexp2
  221        | numexp2 • neqSYM numexp2
  222        | numexp2 • lssSYM numexp2
  223        | numexp2 • gtrSYM numexp2
  224        | numexp2 • leqSYM numexp2
  225        | numexp2 • geqSYM numexp2
  226        | numexp2 • andSYM numexp2
  227        | numexp2 • andthenSYM numexp2
  228        | numexp2 • orSYM numexp2
  229        | numexp2 • orthenSYM numexp2
  229        | numexp2 orthenSYM numexp2 •
  230        | numexp2 • eorSYM numexp2
  231        | numexp2 • plusSYM numexp2
  232        | numexp2 • minusSYM numexp2
  233        | numexp2 • timesSYM numexp2
  234        | numexp2 • divideSYM numexp2
  235        | numexp2 • powerSYM numexp2
  236        | numexp2 • divSYM numexp2
  237        | numexp2 • modSYM numexp2

    divideSYM  skift, og gå til tilstand 296
    divSYM     skift, og gå til tilstand 297
    eqlSYM     skift, og gå til tilstand 299
    geqSYM     skift, og gå til tilstand 300
    gtrSYM     skift, og gå til tilstand 301
    leqSYM     skift, og gå til tilstand 302
    lssSYM     skift, og gå til tilstand 303
    minusSYM   skift, og gå til tilstand 304
    modSYM     skift, og gå til tilstand 305
    neqSYM     skift, og gå til tilstand 306
    plusSYM    skift, og gå til tilstand 309
    powerSYM   skift, og gå til tilstand 310
    timesSYM   skift, og gå til tilstand 311

    $default  reducer med regel 229 (numexp2)


Tilstand 420

  220 numexp2: numexp2 • eqlSYM numexp2
  221        | numexp2 • neqSYM numexp2
  222        | numexp2 • lssSYM numexp2
  223        | numexp2 • gtrSYM numexp2
  224        | numexp2 • leqSYM numexp2
  225        | numexp2 • geqSYM numexp2
  226        | numexp2 • andSYM numexp2
  227        | numexp2 • andthenSYM numexp2
  228        | numexp2 • orSYM numexp2
  229        | numexp2 • orthenSYM numexp2
  230        | numexp2 • eorSYM numexp2
  231        | numexp2 • plusSYM numexp2
  231        | numexp2 plusSYM numexp2 •
  232        | numexp2 • minusSYM numexp2
  233        | numexp2 • timesSYM numexp2
  234        | numexp2 • divideSYM numexp2
  235        | numexp2 • powerSYM numexp2
  236        | numexp2 • divSYM numexp2
  237        | numexp2 • modSYM numexp2

    divideSYM  skift, og gå til tilstand 296
    divSYM     skift, og gå til tilstand 297
    modSYM     skift, og gå til tilstand 305
    powerSYM   skift, og gå til tilstand 310
    timesSYM   skift, og gå til tilstand 311

    $default  reducer med regel 231 (numexp2)


Tilstand 421

  220 numexp2: numexp2 • eqlSYM numexp2
  221        | numexp2 • neqSYM numexp2
  222        | numexp2 • lssSYM numexp2
  223        | numexp2 • gtrSYM numexp2
  224        | numexp2 • leqSYM numexp2
  225        | numexp2 • geqSYM numexp2
  226        | numexp2 • andSYM numexp2
  227        | numexp2 • andthenSYM numexp2
  228        | numexp2 • orSYM numexp2
  229        | numexp2 • orthenSYM numexp2
  230        | numexp2 • eorSYM numexp2
  231        | numexp2 • plusSYM numexp2
  232        | numexp2 • minusSYM numexp2
  233        | numexp2 • timesSYM numexp2
  234        | numexp2 • divideSYM numexp2
  235        | numexp2 • powerSYM numexp2
  235        | numexp2 powerSYM numexp2 •
  236        | numexp2 • divSYM numexp2
  237        | numexp2 • modSYM numexp2

    powerSYM  skift, og gå til tilstand 310

    $default  reducer med regel 235 (numexp2)


Tilstand 422

  220 numexp2: numexp2 • eqlSYM numexp2
  221        | numexp2 • neqSYM numexp2
  222        | numexp2 • lssSYM numexp2
  223        | numexp2 • gtrSYM numexp2
  224        | numexp2 • leqSYM numexp2
  225        | numexp2 • geqSYM numexp2
  226        | numexp2 • andSYM numexp2
  227        | numexp2 • andthenSYM numexp2
  228        | numexp2 • orSYM numexp2
  229        | numexp2 • orthenSYM numexp2
  230        | numexp2 • eorSYM numexp2
  231        | numexp2 • plusSYM numexp2
  232        | numexp2 • minusSYM numexp2
  233        | numexp2 • timesSYM numexp2
  233        | numexp2 timesSYM numexp2 •
  234        | numexp2 • divideSYM numexp2
  235        | numexp2 • powerSYM numexp2
  236        | numexp2 • divSYM numexp2
  237        | numexp2 • modSYM numexp2

    powerSYM  skift, og gå til tilstand 310

    $default  reducer med regel 233 (numexp2)


Tilstand 423

  238 numexp2: stringexp2 eqlSYM stringexp2 •
  261 stringexp2: stringexp2 • plusSYM string_factor
  263           | stringexp2 • timesSYM numexp2

    plusSYM   skift, og gå til tilstand 319
    timesSYM  skift, og gå til tilstand 320

    $default  reducer med regel 238 (numexp2)


Tilstand 424

  243 numexp2: stringexp2 geqSYM stringexp2 •
  261 stringexp2: stringexp2 • plusSYM string_factor
  263           | stringexp2 • timesSYM numexp2

    plusSYM   skift, og gå til tilstand 319
    timesSYM  skift, og gå til tilstand 320

    $default  reducer med regel 243 (numexp2)


Tilstand 425

  241 numexp2: stringexp2 gtrSYM stringexp2 •
  261 stringexp2: stringexp2 • plusSYM string_factor
  263           | stringexp2 • timesSYM numexp2

    plusSYM   skift, og gå til tilstand 319
    timesSYM  skift, og gå til tilstand 320

    $default  reducer med regel 241 (numexp2)


Tilstand 426

  244 numexp2: stringexp2 inSYM stringexp2 •
  261 stringexp2: stringexp2 • plusSYM string_factor
  263           | stringexp2 • timesSYM numexp2

    $default  reducer med regel 244 (numexp2)


Tilstand 427

  242 numexp2: stringexp2 leqSYM stringexp2 •
  261 stringexp2: stringexp2 • plusSYM string_factor
  263           | stringexp2 • timesSYM numexp2

    plusSYM   skift, og gå til tilstand 319
    timesSYM  skift, og gå til tilstand 320

    $default  reducer med regel 242 (numexp2)


Tilstand 428

  240 numexp2: stringexp2 lssSYM stringexp2 •
  261 stringexp2: stringexp2 • plusSYM string_factor
  263           | stringexp2 • timesSYM numexp2

    plusSYM   skift, og gå til tilstand 319
    timesSYM  skift, og gå til tilstand 320

    $default  reducer med regel 240 (numexp2)


Tilstand 429

  239 numexp2: stringexp2 neqSYM stringexp2 •
  261 stringexp2: stringexp2 • plusSYM string_factor
  263           | stringexp2 • timesSYM numexp2

    plusSYM   skift, og gå til tilstand 319
    timesSYM  skift, og gå til tilstand 320

    $default  reducer med regel 239 (numexp2)


Tilstand 430

  261 stringexp2: stringexp2 plusSYM string_factor •
  267 string_factor: string_factor • substr_spec

    lparenSYM  skift, og gå til tilstand 321

    $default  reducer med regel 261 (stringexp2)

    substr_spec  gå til tilstand 322


Tilstand 431

  220 numexp2: numexp2 • eqlSYM numexp2
  221        | numexp2 • neqSYM numexp2
  222        | numexp2 • lssSYM numexp2
  223        | numexp2 • gtrSYM numexp2
  224        | numexp2 • leqSYM numexp2
  225        | numexp2 • geqSYM numexp2
  226        | numexp2 • andSYM numexp2
  227        | numexp2 • andthenSYM numexp2
  228        | numexp2 • orSYM numexp2
  229        | numexp2 • orthenSYM numexp2
  230        | numexp2 • eorSYM numexp2
  231        | numexp2 • plusSYM numexp2
  232        | numexp2 • minusSYM numexp2
  233        | numexp2 • timesSYM numexp2
  234        | numexp2 • divideSYM numexp2
  235        | numexp2 • powerSYM numexp2
  236        | numexp2 • divSYM numexp2
  237        | numexp2 • modSYM numexp2
  263 stringexp2: stringexp2 timesSYM numexp2 •

    powerSYM  skift, og gå til tilstand 310

    $default  reducer med regel 263 (stringexp2)


Tilstand 432

  279 substr_spec2: numexp • colonSYM numexp
  281             | numexp • colonSYM

    colonSYM  skift, og gå til tilstand 485


Tilstand 433

   82 cursor_stat: cursorSYM numexp commaSYM numexp •

    $default  reducer med regel 82 (cursor_stat)


Tilstand 434

  338 exp_list: exp_list commaSYM exp •

    $default  reducer med regel 338 (exp_list)


Tilstand 435

  113 dim_ensions: lparenSYM dim_ension_list • rparenSYM
  114 dim_ension_list: dim_ension_list • commaSYM dim_ension

    commaSYM   skift, og gå til tilstand 504
    rparenSYM  skift, og gå til tilstand 505


Tilstand 436

  115 dim_ension_list: dim_ension •

    $default  reducer med regel 115 (dim_ension_list)


Tilstand 437

  116 dim_ension: numexp •
  117           | numexp • colonSYM numexp
  118           | numexp • becminusSYM numexp

    becminusSYM  skift, og gå til tilstand 506
    colonSYM     skift, og gå til tilstand 507

    $default  reducer med regel 116 (dim_ension)


Tilstand 438

  106 dim_item: stringidSYM ofSYM numexp •

    $default  reducer med regel 106 (dim_item)


Tilstand 439

  109 of: ofSYM •

    $default  reducer med regel 109 (of)


Tilstand 440

  110 of: timesSYM •

    $default  reducer med regel 110 (of)


Tilstand 441

  107 dim_item: stringidSYM dim_ensions of • numexp

    lparenSYM    skift, og gå til tilstand 128
    minusSYM     skift, og gå til tilstand 129
    plusSYM      skift, og gå til tilstand 130
    rndSYM       skift, og gå til tilstand 131
    sysSYM       skift, og gå til tilstand 132
    syssSYM      skift, og gå til tilstand 133
    rnSYM        skift, og gå til tilstand 134
    rsSYM        skift, og gå til tilstand 135
    tnrnSYM      skift, og gå til tilstand 136
    tnrsSYM      skift, og gå til tilstand 137
    tsrnSYM      skift, og gå til tilstand 138
    tonrsSYM     skift, og gå til tilstand 139
    tsrsSYM      skift, og gå til tilstand 140
    tsrsnSYM     skift, og gå til tilstand 141
    lenSYM       skift, og gå til tilstand 142
    floatnumSYM  skift, og gå til tilstand 143
    idSYM        skift, og gå til tilstand 144
    intidSYM     skift, og gå til tilstand 63
    stringidSYM  skift, og gå til tilstand 64
    intnumSYM    skift, og gå til tilstand 145
    stringSYM    skift, og gå til tilstand 146

    xid            gå til tilstand 147
    numexp         gå til tilstand 508
    numexp2        gå til tilstand 150
    stringexp2     gå til tilstand 163
    string_factor  gå til tilstand 153
    numlvalue2     gå til tilstand 154
    strlvalue2     gå til tilstand 155


Tilstand 442

  103 dim_list: dim_list commaSYM dim_item •

    $default  reducer med regel 103 (dim_list)


Tilstand 443

  128 for_stat: forSYM numlvalue assign1 numexp • todownto numexp optstep optdo optsimple_stat

    downtoSYM  skift, og gå til tilstand 509
    toSYM      skift, og gå til tilstand 510

    todownto  gå til tilstand 511


Tilstand 444

  329 parmitem: funcSYM • id

    idSYM        skift, og gå til tilstand 167
    intidSYM     skift, og gå til tilstand 168
    stringidSYM  skift, og gå til tilstand 182

    id     gå til tilstand 512
    numid  gå til tilstand 185


Tilstand 445

  327 parmitem: nameSYM • id

    idSYM        skift, og gå til tilstand 167
    intidSYM     skift, og gå til tilstand 168
    stringidSYM  skift, og gå til tilstand 182

    id     gå til tilstand 513
    numid  gå til tilstand 185


Tilstand 446

  328 parmitem: procSYM • idSYM

    idSYM  skift, og gå til tilstand 514


Tilstand 447

  326 parmitem: refSYM • oneparm

    idSYM        skift, og gå til tilstand 167
    intidSYM     skift, og gå til tilstand 168
    stringidSYM  skift, og gå til tilstand 182

    oneparm  gå til tilstand 515
    id       gå til tilstand 451
    numid    gå til tilstand 185


Tilstand 448

  321 procfunc_head: lparenSYM parmlist • rparenSYM
  323 parmlist: parmlist • commaSYM parmitem

    commaSYM   skift, og gå til tilstand 516
    rparenSYM  skift, og gå til tilstand 517


Tilstand 449

  324 parmlist: parmitem •

    $default  reducer med regel 324 (parmlist)


Tilstand 450

  325 parmitem: oneparm •

    $default  reducer med regel 325 (parmitem)


Tilstand 451

  330 oneparm: id •
  331        | id • lparenSYM opt_commalist rparenSYM

    lparenSYM  skift, og gå til tilstand 341

    $default  reducer med regel 330 (oneparm)


Tilstand 452

  350 optclosed: closedSYM •

    $default  reducer med regel 350 (optclosed)


Tilstand 453

  133 func_stat: funcSYM id procfunc_head optclosed • opt_external

    dynamicSYM   skift, og gå til tilstand 518
    externalSYM  skift, og gå til tilstand 519
    staticSYM    skift, og gå til tilstand 520

    $default  reducer med regel 320 (opt_external)

    opt_external  gå til tilstand 521


Tilstand 454

  340 optsimple_stat: simple_stat •

    $default  reducer med regel 340 (optsimple_stat)


Tilstand 455

  134 if_stat: ifSYM numexp optthen optsimple_stat •

    $default  reducer med regel 134 (if_stat)


Tilstand 456

  137 import_list: import_list commaSYM oneparm •

    $default  reducer med regel 137 (import_list)


Tilstand 457

  135 import_stat: importSYM id colonSYM import_list •
  137 import_list: import_list • commaSYM oneparm

    commaSYM  skift, og gå til tilstand 339

    $default  reducer med regel 135 (import_stat)


Tilstand 458

  331 oneparm: id lparenSYM opt_commalist • rparenSYM
  336 opt_commalist: opt_commalist • commaSYM

    commaSYM   skift, og gå til tilstand 479
    rparenSYM  skift, og gå til tilstand 522


Tilstand 459

  313 io_designator: fileSYM numexp colonSYM •

    $default  reducer med regel 313 (io_designator)


Tilstand 460

  314 io_designator: fileSYM numexp commaSYM • numexp colonSYM

    lparenSYM    skift, og gå til tilstand 128
    minusSYM     skift, og gå til tilstand 129
    plusSYM      skift, og gå til tilstand 130
    rndSYM       skift, og gå til tilstand 131
    sysSYM       skift, og gå til tilstand 132
    syssSYM      skift, og gå til tilstand 133
    rnSYM        skift, og gå til tilstand 134
    rsSYM        skift, og gå til tilstand 135
    tnrnSYM      skift, og gå til tilstand 136
    tnrsSYM      skift, og gå til tilstand 137
    tsrnSYM      skift, og gå til tilstand 138
    tonrsSYM     skift, og gå til tilstand 139
    tsrsSYM      skift, og gå til tilstand 140
    tsrsnSYM     skift, og gå til tilstand 141
    lenSYM       skift, og gå til tilstand 142
    floatnumSYM  skift, og gå til tilstand 143
    idSYM        skift, og gå til tilstand 144
    intidSYM     skift, og gå til tilstand 63
    stringidSYM  skift, og gå til tilstand 64
    intnumSYM    skift, og gå til tilstand 145
    stringSYM    skift, og gå til tilstand 146

    xid            gå til tilstand 147
    numexp         gå til tilstand 523
    numexp2        gå til tilstand 150
    stringexp2     gå til tilstand 163
    string_factor  gå til tilstand 153
    numlvalue2     gå til tilstand 154
    strlvalue2     gå til tilstand 155


Tilstand 461

  315 io_designator: queueSYM numexp colonSYM •

    $default  reducer med regel 315 (io_designator)


Tilstand 462

  316 io_designator: queueSYM numexp commaSYM • numexp colonSYM

    lparenSYM    skift, og gå til tilstand 128
    minusSYM     skift, og gå til tilstand 129
    plusSYM      skift, og gå til tilstand 130
    rndSYM       skift, og gå til tilstand 131
    sysSYM       skift, og gå til tilstand 132
    syssSYM      skift, og gå til tilstand 133
    rnSYM        skift, og gå til tilstand 134
    rsSYM        skift, og gå til tilstand 135
    tnrnSYM      skift, og gå til tilstand 136
    tnrsSYM      skift, og gå til tilstand 137
    tsrnSYM      skift, og gå til tilstand 138
    tonrsSYM     skift, og gå til tilstand 139
    tsrsSYM      skift, og gå til tilstand 140
    tsrsnSYM     skift, og gå til tilstand 141
    lenSYM       skift, og gå til tilstand 142
    floatnumSYM  skift, og gå til tilstand 143
    idSYM        skift, og gå til tilstand 144
    intidSYM     skift, og gå til tilstand 63
    stringidSYM  skift, og gå til tilstand 64
    intnumSYM    skift, og gå til tilstand 145
    stringSYM    skift, og gå til tilstand 146

    xid            gå til tilstand 147
    numexp         gå til tilstand 524
    numexp2        gå til tilstand 150
    stringexp2     gå til tilstand 163
    string_factor  gå til tilstand 153
    numlvalue2     gå til tilstand 154
    strlvalue2     gå til tilstand 155


Tilstand 463

  296 lval_list: lval_list commaSYM • lvalue

    idSYM        skift, og gå til tilstand 144
    intidSYM     skift, og gå til tilstand 63
    stringidSYM  skift, og gå til tilstand 64

    xid         gå til tilstand 147
    lvalue      gå til tilstand 525
    numlvalue   gå til tilstand 347
    numlvalue2  gå til tilstand 124
    strlvalue   gå til tilstand 348
    strlvalue2  gå til tilstand 126


Tilstand 464

   99 local_item: stringidSYM ofSYM numexp •

    $default  reducer med regel 99 (local_item)


Tilstand 465

  100 local_item: stringidSYM dim_ensions of • numexp

    lparenSYM    skift, og gå til tilstand 128
    minusSYM     skift, og gå til tilstand 129
    plusSYM      skift, og gå til tilstand 130
    rndSYM       skift, og gå til tilstand 131
    sysSYM       skift, og gå til tilstand 132
    syssSYM      skift, og gå til tilstand 133
    rnSYM        skift, og gå til tilstand 134
    rsSYM        skift, og gå til tilstand 135
    tnrnSYM      skift, og gå til tilstand 136
    tnrsSYM      skift, og gå til tilstand 137
    tsrnSYM      skift, og gå til tilstand 138
    tonrsSYM     skift, og gå til tilstand 139
    tsrsSYM      skift, og gå til tilstand 140
    tsrsnSYM     skift, og gå til tilstand 141
    lenSYM       skift, og gå til tilstand 142
    floatnumSYM  skift, og gå til tilstand 143
    idSYM        skift, og gå til tilstand 144
    intidSYM     skift, og gå til tilstand 63
    stringidSYM  skift, og gå til tilstand 64
    intnumSYM    skift, og gå til tilstand 145
    stringSYM    skift, og gå til tilstand 146

    xid            gå til tilstand 147
    numexp         gå til tilstand 526
    numexp2        gå til tilstand 150
    stringexp2     gå til tilstand 163
    string_factor  gå til tilstand 153
    numlvalue2     gå til tilstand 154
    strlvalue2     gå til tilstand 155


Tilstand 466

   95 local_list: local_list commaSYM local_item •

    $default  reducer med regel 95 (local_list)


Tilstand 467

  143 open_stat: openSYM fileSYM numexp commaSYM • stringexp commaSYM open_type

    lparenSYM    skift, og gå til tilstand 156
    syssSYM      skift, og gå til tilstand 133
    rsSYM        skift, og gå til tilstand 135
    tnrsSYM      skift, og gå til tilstand 137
    tonrsSYM     skift, og gå til tilstand 139
    tsrsSYM      skift, og gå til tilstand 140
    tsrsnSYM     skift, og gå til tilstand 141
    stringidSYM  skift, og gå til tilstand 64
    stringSYM    skift, og gå til tilstand 146

    stringexp      gå til tilstand 527
    stringexp2     gå til tilstand 158
    string_factor  gå til tilstand 153
    strlvalue2     gå til tilstand 155


Tilstand 468

  144 open_stat: openSYM queueSYM numexp commaSYM • stringexp commaSYM queue_type

    lparenSYM    skift, og gå til tilstand 156
    syssSYM      skift, og gå til tilstand 133
    rsSYM        skift, og gå til tilstand 135
    tnrsSYM      skift, og gå til tilstand 137
    tonrsSYM     skift, og gå til tilstand 139
    tsrsSYM      skift, og gå til tilstand 140
    tsrsnSYM     skift, og gå til tilstand 141
    stringidSYM  skift, og gå til tilstand 64
    stringSYM    skift, og gå til tilstand 146

    stringexp      gå til tilstand 528
    stringexp2     gå til tilstand 158
    string_factor  gå til tilstand 153
    strlvalue2     gå til tilstand 155


Tilstand 469

  166 proc_stat: procSYM idSYM procfunc_head optclosed • opt_external

    dynamicSYM   skift, og gå til tilstand 518
    externalSYM  skift, og gå til tilstand 519
    staticSYM    skift, og gå til tilstand 520

    $default  reducer med regel 320 (opt_external)

    opt_external  gå til tilstand 529


Tilstand 470

  311 file_designator: fileSYM numexp colonSYM •

    $default  reducer med regel 311 (file_designator)


Tilstand 471

  312 file_designator: fileSYM numexp commaSYM • numexp colonSYM

    lparenSYM    skift, og gå til tilstand 128
    minusSYM     skift, og gå til tilstand 129
    plusSYM      skift, og gå til tilstand 130
    rndSYM       skift, og gå til tilstand 131
    sysSYM       skift, og gå til tilstand 132
    syssSYM      skift, og gå til tilstand 133
    rnSYM        skift, og gå til tilstand 134
    rsSYM        skift, og gå til tilstand 135
    tnrnSYM      skift, og gå til tilstand 136
    tnrsSYM      skift, og gå til tilstand 137
    tsrnSYM      skift, og gå til tilstand 138
    tonrsSYM     skift, og gå til tilstand 139
    tsrsSYM      skift, og gå til tilstand 140
    tsrsnSYM     skift, og gå til tilstand 141
    lenSYM       skift, og gå til tilstand 142
    floatnumSYM  skift, og gå til tilstand 143
    idSYM        skift, og gå til tilstand 144
    intidSYM     skift, og gå til tilstand 63
    stringidSYM  skift, og gå til tilstand 64
    intnumSYM    skift, og gå til tilstand 145
    stringSYM    skift, og gå til tilstand 146

    xid            gå til tilstand 147
    numexp         gå til tilstand 530
    numexp2        gå til tilstand 150
    stringexp2     gå til tilstand 163
    string_factor  gå til tilstand 153
    numlvalue2     gå til tilstand 154
    strlvalue2     gå til tilstand 155


Tilstand 472

  198 repeat_stat: repeatSYM simple_stat untilSYM numexp •

    $default  reducer med regel 198 (repeat_stat)


Tilstand 473

  125 spawn_stat: spawnSYM numexp colonSYM xid •

    $default  reducer med regel 125 (spawn_stat)


Tilstand 474

  182 when_numlist: when_numlist commaSYM when_numitem •

    $default  reducer med regel 182 (when_numlist)


Tilstand 475

  184 when_numitem: relop • numexp

    lparenSYM    skift, og gå til tilstand 128
    minusSYM     skift, og gå til tilstand 129
    plusSYM      skift, og gå til tilstand 130
    rndSYM       skift, og gå til tilstand 131
    sysSYM       skift, og gå til tilstand 132
    syssSYM      skift, og gå til tilstand 133
    rnSYM        skift, og gå til tilstand 134
    rsSYM        skift, og gå til tilstand 135
    tnrnSYM      skift, og gå til tilstand 136
    tnrsSYM      skift, og gå til tilstand 137
    tsrnSYM      skift, og gå til tilstand 138
    tonrsSYM     skift, og gå til tilstand 139
    tsrsSYM      skift, og gå til tilstand 140
    tsrsnSYM     skift, og gå til tilstand 141
    lenSYM       skift, og gå til tilstand 142
    floatnumSYM  skift, og gå til tilstand 143
    idSYM        skift, og gå til tilstand 144
    intidSYM     skift, og gå til tilstand 63
    stringidSYM  skift, og gå til tilstand 64
    intnumSYM    skift, og gå til tilstand 145
    stringSYM    skift, og gå til tilstand 146

    xid            gå til tilstand 147
    numexp         gå til tilstand 368
    numexp2        gå til tilstand 150
    stringexp2     gå til tilstand 163
    string_factor  gå til tilstand 153
    numlvalue2     gå til tilstand 154
    strlvalue2     gå til tilstand 155


Tilstand 476

  186 when_strlist: when_strlist commaSYM when_stritem •

    $default  reducer med regel 186 (when_strlist)


Tilstand 477

  188 when_stritem: relop • stringexp

    lparenSYM    skift, og gå til tilstand 156
    syssSYM      skift, og gå til tilstand 133
    rsSYM        skift, og gå til tilstand 135
    tnrsSYM      skift, og gå til tilstand 137
    tonrsSYM     skift, og gå til tilstand 139
    tsrsSYM      skift, og gå til tilstand 140
    tsrsnSYM     skift, og gå til tilstand 141
    stringidSYM  skift, og gå til tilstand 64
    stringSYM    skift, og gå til tilstand 146

    stringexp      gå til tilstand 369
    stringexp2     gå til tilstand 158
    string_factor  gå til tilstand 153
    strlvalue2     gå til tilstand 155


Tilstand 478

  197 while_stat: whileSYM numexp optdo optsimple_stat •

    $default  reducer med regel 197 (while_stat)


Tilstand 479

  336 opt_commalist: opt_commalist commaSYM •

    $default  reducer med regel 336 (opt_commalist)


Tilstand 480

  216 xid: idSYM lparenSYM opt_commalist rparenSYM •

    $default  reducer med regel 216 (xid)


Tilstand 481

  215 xid: idSYM lparenSYM exp_list rparenSYM •

    $default  reducer med regel 215 (xid)


Tilstand 482

  304 numlvalue2: intidSYM lparenSYM opt_commalist rparenSYM •

    $default  reducer med regel 304 (numlvalue2)


Tilstand 483

  303 numlvalue2: intidSYM lparenSYM exp_list rparenSYM •

    $default  reducer med regel 303 (numlvalue2)


Tilstand 484

  280 substr_spec2: colonSYM numexp •
  282             | colonSYM numexp • colonSYM

    colonSYM  skift, og gå til tilstand 531

    $default  reducer med regel 280 (substr_spec2)


Tilstand 485

  279 substr_spec2: numexp colonSYM • numexp
  281             | numexp colonSYM •

    lparenSYM    skift, og gå til tilstand 128
    minusSYM     skift, og gå til tilstand 129
    plusSYM      skift, og gå til tilstand 130
    rndSYM       skift, og gå til tilstand 131
    sysSYM       skift, og gå til tilstand 132
    syssSYM      skift, og gå til tilstand 133
    rnSYM        skift, og gå til tilstand 134
    rsSYM        skift, og gå til tilstand 135
    tnrnSYM      skift, og gå til tilstand 136
    tnrsSYM      skift, og gå til tilstand 137
    tsrnSYM      skift, og gå til tilstand 138
    tonrsSYM     skift, og gå til tilstand 139
    tsrsSYM      skift, og gå til tilstand 140
    tsrsnSYM     skift, og gå til tilstand 141
    lenSYM       skift, og gå til tilstand 142
    floatnumSYM  skift, og gå til tilstand 143
    idSYM        skift, og gå til tilstand 144
    intidSYM     skift, og gå til tilstand 63
    stringidSYM  skift, og gå til tilstand 64
    intnumSYM    skift, og gå til tilstand 145
    stringSYM    skift, og gå til tilstand 146

    $default  reducer med regel 281 (substr_spec2)

    xid            gå til tilstand 147
    numexp         gå til tilstand 532
    numexp2        gå til tilstand 150
    stringexp2     gå til tilstand 163
    string_factor  gå til tilstand 153
    numlvalue2     gå til tilstand 154
    strlvalue2     gå til tilstand 155


Tilstand 486

  278 substr_spec: lparenSYM substr_spec2 rparenSYM •

    $default  reducer med regel 278 (substr_spec)


Tilstand 487

  310 strlvalue2: stringidSYM lparenSYM opt_commalist rparenSYM •

    $default  reducer med regel 310 (strlvalue2)


Tilstand 488

  307 strlvalue2: stringidSYM lparenSYM exp_list rparenSYM •
  309           | stringidSYM lparenSYM exp_list rparenSYM • substr_spec

    lparenSYM  skift, og gå til tilstand 321

    lparenSYM  [reducer med regel 307 (strlvalue2)]
    $default   reducer med regel 307 (strlvalue2)

    substr_spec  gå til tilstand 533


Tilstand 489

  154 print_stat: printi usingSYM stringexp colonSYM • prnum_list optpr_sep

    lparenSYM    skift, og gå til tilstand 128
    minusSYM     skift, og gå til tilstand 129
    plusSYM      skift, og gå til tilstand 130
    rndSYM       skift, og gå til tilstand 131
    sysSYM       skift, og gå til tilstand 132
    syssSYM      skift, og gå til tilstand 133
    rnSYM        skift, og gå til tilstand 134
    rsSYM        skift, og gå til tilstand 135
    tnrnSYM      skift, og gå til tilstand 136
    tnrsSYM      skift, og gå til tilstand 137
    tsrnSYM      skift, og gå til tilstand 138
    tonrsSYM     skift, og gå til tilstand 139
    tsrsSYM      skift, og gå til tilstand 140
    tsrsnSYM     skift, og gå til tilstand 141
    lenSYM       skift, og gå til tilstand 142
    floatnumSYM  skift, og gå til tilstand 143
    idSYM        skift, og gå til tilstand 144
    intidSYM     skift, og gå til tilstand 63
    stringidSYM  skift, og gå til tilstand 64
    intnumSYM    skift, og gå til tilstand 145
    stringSYM    skift, og gå til tilstand 146

    prnum_list     gå til tilstand 534
    xid            gå til tilstand 147
    numexp         gå til tilstand 535
    numexp2        gå til tilstand 150
    stringexp2     gå til tilstand 163
    string_factor  gå til tilstand 153
    numlvalue2     gå til tilstand 154
    strlvalue2     gå til tilstand 155


Tilstand 490

  160 print_list: print_list pr_sep exp •

    $default  reducer med regel 160 (print_list)


Tilstand 491

  160 print_list: print_list pr_sep • exp

    lparenSYM    skift, og gå til tilstand 128
    minusSYM     skift, og gå til tilstand 129
    plusSYM      skift, og gå til tilstand 130
    rndSYM       skift, og gå til tilstand 131
    sysSYM       skift, og gå til tilstand 132
    syssSYM      skift, og gå til tilstand 133
    rnSYM        skift, og gå til tilstand 134
    rsSYM        skift, og gå til tilstand 135
    tnrnSYM      skift, og gå til tilstand 136
    tnrsSYM      skift, og gå til tilstand 137
    tsrnSYM      skift, og gå til tilstand 138
    tonrsSYM     skift, og gå til tilstand 139
    tsrsSYM      skift, og gå til tilstand 140
    tsrsnSYM     skift, og gå til tilstand 141
    lenSYM       skift, og gå til tilstand 142
    floatnumSYM  skift, og gå til tilstand 143
    idSYM        skift, og gå til tilstand 144
    intidSYM     skift, og gå til tilstand 63
    stringidSYM  skift, og gå til tilstand 64
    intnumSYM    skift, og gå til tilstand 145
    stringSYM    skift, og gå til tilstand 146

    xid            gå til tilstand 147
    exp            gå til tilstand 490
    numexp         gå til tilstand 149
    numexp2        gå til tilstand 150
    stringexp      gå til tilstand 151
    stringexp2     gå til tilstand 152
    string_factor  gå til tilstand 153
    numlvalue2     gå til tilstand 154
    strlvalue2     gå til tilstand 155


Tilstand 492

  256 numexp2: rndSYM lparenSYM numexp2 commaSYM • numexp2 rparenSYM

    lparenSYM    skift, og gå til tilstand 128
    minusSYM     skift, og gå til tilstand 129
    plusSYM      skift, og gå til tilstand 130
    rndSYM       skift, og gå til tilstand 131
    sysSYM       skift, og gå til tilstand 132
    syssSYM      skift, og gå til tilstand 133
    rnSYM        skift, og gå til tilstand 134
    rsSYM        skift, og gå til tilstand 135
    tnrnSYM      skift, og gå til tilstand 136
    tnrsSYM      skift, og gå til tilstand 137
    tsrnSYM      skift, og gå til tilstand 138
    tonrsSYM     skift, og gå til tilstand 139
    tsrsSYM      skift, og gå til tilstand 140
    tsrsnSYM     skift, og gå til tilstand 141
    lenSYM       skift, og gå til tilstand 142
    floatnumSYM  skift, og gå til tilstand 143
    idSYM        skift, og gå til tilstand 144
    intidSYM     skift, og gå til tilstand 63
    stringidSYM  skift, og gå til tilstand 64
    intnumSYM    skift, og gå til tilstand 145
    stringSYM    skift, og gå til tilstand 146

    xid            gå til tilstand 147
    numexp2        gå til tilstand 536
    stringexp2     gå til tilstand 163
    string_factor  gå til tilstand 153
    numlvalue2     gå til tilstand 154
    strlvalue2     gå til tilstand 155


Tilstand 493

  255 numexp2: rndSYM lparenSYM numexp2 rparenSYM •

    $default  reducer med regel 255 (numexp2)


Tilstand 494

  258 numexp2: sysSYM lparenSYM exp_list rparenSYM •

    $default  reducer med regel 258 (numexp2)


Tilstand 495

  273 string_factor: syssSYM lparenSYM exp_list rparenSYM •

    $default  reducer med regel 273 (string_factor)


Tilstand 496

  253 numexp2: tnrnSYM lparenSYM numexp2 rparenSYM •

    $default  reducer med regel 253 (numexp2)


Tilstand 497

  268 string_factor: tnrsSYM lparenSYM numexp2 rparenSYM •

    $default  reducer med regel 268 (string_factor)


Tilstand 498

  250 numexp2: tsrnSYM lparenSYM stringexp2 rparenSYM •

    $default  reducer med regel 250 (numexp2)


Tilstand 499

  276 opt_arg: lparenSYM numexp2 rparenSYM •

    $default  reducer med regel 276 (opt_arg)


Tilstand 500

  269 string_factor: tsrsSYM lparenSYM stringexp2 rparenSYM •

    $default  reducer med regel 269 (string_factor)


Tilstand 501

  274 string_factor: tsrsnSYM lparenSYM exp_list rparenSYM •

    $default  reducer med regel 274 (string_factor)


Tilstand 502

  252 numexp2: lenSYM lparenSYM numexp2 rparenSYM •

    $default  reducer med regel 252 (numexp2)


Tilstand 503

  251 numexp2: lenSYM lparenSYM stringexp2 rparenSYM •

    $default  reducer med regel 251 (numexp2)


Tilstand 504

  114 dim_ension_list: dim_ension_list commaSYM • dim_ension

    lparenSYM    skift, og gå til tilstand 128
    minusSYM     skift, og gå til tilstand 129
    plusSYM      skift, og gå til tilstand 130
    rndSYM       skift, og gå til tilstand 131
    sysSYM       skift, og gå til tilstand 132
    syssSYM      skift, og gå til tilstand 133
    rnSYM        skift, og gå til tilstand 134
    rsSYM        skift, og gå til tilstand 135
    tnrnSYM      skift, og gå til tilstand 136
    tnrsSYM      skift, og gå til tilstand 137
    tsrnSYM      skift, og gå til tilstand 138
    tonrsSYM     skift, og gå til tilstand 139
    tsrsSYM      skift, og gå til tilstand 140
    tsrsnSYM     skift, og gå til tilstand 141
    lenSYM       skift, og gå til tilstand 142
    floatnumSYM  skift, og gå til tilstand 143
    idSYM        skift, og gå til tilstand 144
    intidSYM     skift, og gå til tilstand 63
    stringidSYM  skift, og gå til tilstand 64
    intnumSYM    skift, og gå til tilstand 145
    stringSYM    skift, og gå til tilstand 146

    dim_ension     gå til tilstand 537
    xid            gå til tilstand 147
    numexp         gå til tilstand 437
    numexp2        gå til tilstand 150
    stringexp2     gå til tilstand 163
    string_factor  gå til tilstand 153
    numlvalue2     gå til tilstand 154
    strlvalue2     gå til tilstand 155


Tilstand 505

  113 dim_ensions: lparenSYM dim_ension_list rparenSYM •

    $default  reducer med regel 113 (dim_ensions)


Tilstand 506

  118 dim_ension: numexp becminusSYM • numexp

    lparenSYM    skift, og gå til tilstand 128
    minusSYM     skift, og gå til tilstand 129
    plusSYM      skift, og gå til tilstand 130
    rndSYM       skift, og gå til tilstand 131
    sysSYM       skift, og gå til tilstand 132
    syssSYM      skift, og gå til tilstand 133
    rnSYM        skift, og gå til tilstand 134
    rsSYM        skift, og gå til tilstand 135
    tnrnSYM      skift, og gå til tilstand 136
    tnrsSYM      skift, og gå til tilstand 137
    tsrnSYM      skift, og gå til tilstand 138
    tonrsSYM     skift, og gå til tilstand 139
    tsrsSYM      skift, og gå til tilstand 140
    tsrsnSYM     skift, og gå til tilstand 141
    lenSYM       skift, og gå til tilstand 142
    floatnumSYM  skift, og gå til tilstand 143
    idSYM        skift, og gå til tilstand 144
    intidSYM     skift, og gå til tilstand 63
    stringidSYM  skift, og gå til tilstand 64
    intnumSYM    skift, og gå til tilstand 145
    stringSYM    skift, og gå til tilstand 146

    xid            gå til tilstand 147
    numexp         gå til tilstand 538
    numexp2        gå til tilstand 150
    stringexp2     gå til tilstand 163
    string_factor  gå til tilstand 153
    numlvalue2     gå til tilstand 154
    strlvalue2     gå til tilstand 155


Tilstand 507

  117 dim_ension: numexp colonSYM • numexp

    lparenSYM    skift, og gå til tilstand 128
    minusSYM     skift, og gå til tilstand 129
    plusSYM      skift, og gå til tilstand 130
    rndSYM       skift, og gå til tilstand 131
    sysSYM       skift, og gå til tilstand 132
    syssSYM      skift, og gå til tilstand 133
    rnSYM        skift, og gå til tilstand 134
    rsSYM        skift, og gå til tilstand 135
    tnrnSYM      skift, og gå til tilstand 136
    tnrsSYM      skift, og gå til tilstand 137
    tsrnSYM      skift, og gå til tilstand 138
    tonrsSYM     skift, og gå til tilstand 139
    tsrsSYM      skift, og gå til tilstand 140
    tsrsnSYM     skift, og gå til tilstand 141
    lenSYM       skift, og gå til tilstand 142
    floatnumSYM  skift, og gå til tilstand 143
    idSYM        skift, og gå til tilstand 144
    intidSYM     skift, og gå til tilstand 63
    stringidSYM  skift, og gå til tilstand 64
    intnumSYM    skift, og gå til tilstand 145
    stringSYM    skift, og gå til tilstand 146

    xid            gå til tilstand 147
    numexp         gå til tilstand 539
    numexp2        gå til tilstand 150
    stringexp2     gå til tilstand 163
    string_factor  gå til tilstand 153
    numlvalue2     gå til tilstand 154
    strlvalue2     gå til tilstand 155


Tilstand 508

  107 dim_item: stringidSYM dim_ensions of numexp •

    $default  reducer med regel 107 (dim_item)


Tilstand 509

  130 todownto: downtoSYM •

    $default  reducer med regel 130 (todownto)


Tilstand 510

  129 todownto: toSYM •

    $default  reducer med regel 129 (todownto)


Tilstand 511

  128 for_stat: forSYM numlvalue assign1 numexp todownto • numexp optstep optdo optsimple_stat

    lparenSYM    skift, og gå til tilstand 128
    minusSYM     skift, og gå til tilstand 129
    plusSYM      skift, og gå til tilstand 130
    rndSYM       skift, og gå til tilstand 131
    sysSYM       skift, og gå til tilstand 132
    syssSYM      skift, og gå til tilstand 133
    rnSYM        skift, og gå til tilstand 134
    rsSYM        skift, og gå til tilstand 135
    tnrnSYM      skift, og gå til tilstand 136
    tnrsSYM      skift, og gå til tilstand 137
    tsrnSYM      skift, og gå til tilstand 138
    tonrsSYM     skift, og gå til tilstand 139
    tsrsSYM      skift, og gå til tilstand 140
    tsrsnSYM     skift, og gå til tilstand 141
    lenSYM       skift, og gå til tilstand 142
    floatnumSYM  skift, og gå til tilstand 143
    idSYM        skift, og gå til tilstand 144
    intidSYM     skift, og gå til tilstand 63
    stringidSYM  skift, og gå til tilstand 64
    intnumSYM    skift, og gå til tilstand 145
    stringSYM    skift, og gå til tilstand 146

    xid            gå til tilstand 147
    numexp         gå til tilstand 540
    numexp2        gå til tilstand 150
    stringexp2     gå til tilstand 163
    string_factor  gå til tilstand 153
    numlvalue2     gå til tilstand 154
    strlvalue2     gå til tilstand 155


Tilstand 512

  329 parmitem: funcSYM id •

    $default  reducer med regel 329 (parmitem)


Tilstand 513

  327 parmitem: nameSYM id •

    $default  reducer med regel 327 (parmitem)


Tilstand 514

  328 parmitem: procSYM idSYM •

    $default  reducer med regel 328 (parmitem)


Tilstand 515

  326 parmitem: refSYM oneparm •

    $default  reducer med regel 326 (parmitem)


Tilstand 516

  323 parmlist: parmlist commaSYM • parmitem

    funcSYM      skift, og gå til tilstand 444
    nameSYM      skift, og gå til tilstand 445
    procSYM      skift, og gå til tilstand 446
    refSYM       skift, og gå til tilstand 447
    idSYM        skift, og gå til tilstand 167
    intidSYM     skift, og gå til tilstand 168
    stringidSYM  skift, og gå til tilstand 182

    parmitem  gå til tilstand 541
    oneparm   gå til tilstand 450
    id        gå til tilstand 451
    numid     gå til tilstand 185


Tilstand 517

  321 procfunc_head: lparenSYM parmlist rparenSYM •

    $default  reducer med regel 321 (procfunc_head)


Tilstand 518

  318 opt_external: dynamicSYM • externalSYM stringexp

    externalSYM  skift, og gå til tilstand 542


Tilstand 519

  317 opt_external: externalSYM • stringexp

    lparenSYM    skift, og gå til tilstand 156
    syssSYM      skift, og gå til tilstand 133
    rsSYM        skift, og gå til tilstand 135
    tnrsSYM      skift, og gå til tilstand 137
    tonrsSYM     skift, og gå til tilstand 139
    tsrsSYM      skift, og gå til tilstand 140
    tsrsnSYM     skift, og gå til tilstand 141
    stringidSYM  skift, og gå til tilstand 64
    stringSYM    skift, og gå til tilstand 146

    stringexp      gå til tilstand 543
    stringexp2     gå til tilstand 158
    string_factor  gå til tilstand 153
    strlvalue2     gå til tilstand 155


Tilstand 520

  319 opt_external: staticSYM • externalSYM stringexp

    externalSYM  skift, og gå til tilstand 544


Tilstand 521

  133 func_stat: funcSYM id procfunc_head optclosed opt_external •

    $default  reducer med regel 133 (func_stat)


Tilstand 522

  331 oneparm: id lparenSYM opt_commalist rparenSYM •

    $default  reducer med regel 331 (oneparm)


Tilstand 523

  314 io_designator: fileSYM numexp commaSYM numexp • colonSYM

    colonSYM  skift, og gå til tilstand 545


Tilstand 524

  316 io_designator: queueSYM numexp commaSYM numexp • colonSYM

    colonSYM  skift, og gå til tilstand 546


Tilstand 525

  296 lval_list: lval_list commaSYM lvalue •

    $default  reducer med regel 296 (lval_list)


Tilstand 526

  100 local_item: stringidSYM dim_ensions of numexp •

    $default  reducer med regel 100 (local_item)


Tilstand 527

  143 open_stat: openSYM fileSYM numexp commaSYM stringexp • commaSYM open_type

    commaSYM  skift, og gå til tilstand 547


Tilstand 528

  144 open_stat: openSYM queueSYM numexp commaSYM stringexp • commaSYM queue_type

    commaSYM  skift, og gå til tilstand 548


Tilstand 529

  166 proc_stat: procSYM idSYM procfunc_head optclosed opt_external •

    $default  reducer med regel 166 (proc_stat)


Tilstand 530

  312 file_designator: fileSYM numexp commaSYM numexp • colonSYM

    colonSYM  skift, og gå til tilstand 549


Tilstand 531

  282 substr_spec2: colonSYM numexp colonSYM •

    $default  reducer med regel 282 (substr_spec2)


Tilstand 532

  279 substr_spec2: numexp colonSYM numexp •

    $default  reducer med regel 279 (substr_spec2)


Tilstand 533

  309 strlvalue2: stringidSYM lparenSYM exp_list rparenSYM substr_spec •

    $default  reducer med regel 309 (strlvalue2)


Tilstand 534

  154 print_stat: printi usingSYM stringexp colonSYM prnum_list • optpr_sep
  158 prnum_list: prnum_list • pr_sep numexp

    commaSYM      skift, og gå til tilstand 384
    semicolonSYM  skift, og gå til tilstand 385

    $default  reducer med regel 165 (optpr_sep)

    pr_sep     gå til tilstand 550
    optpr_sep  gå til tilstand 551


Tilstand 535

  159 prnum_list: numexp •

    $default  reducer med regel 159 (prnum_list)


Tilstand 536

  220 numexp2: numexp2 • eqlSYM numexp2
  221        | numexp2 • neqSYM numexp2
  222        | numexp2 • lssSYM numexp2
  223        | numexp2 • gtrSYM numexp2
  224        | numexp2 • leqSYM numexp2
  225        | numexp2 • geqSYM numexp2
  226        | numexp2 • andSYM numexp2
  227        | numexp2 • andthenSYM numexp2
  228        | numexp2 • orSYM numexp2
  229        | numexp2 • orthenSYM numexp2
  230        | numexp2 • eorSYM numexp2
  231        | numexp2 • plusSYM numexp2
  232        | numexp2 • minusSYM numexp2
  233        | numexp2 • timesSYM numexp2
  234        | numexp2 • divideSYM numexp2
  235        | numexp2 • powerSYM numexp2
  236        | numexp2 • divSYM numexp2
  237        | numexp2 • modSYM numexp2
  256        | rndSYM lparenSYM numexp2 commaSYM numexp2 • rparenSYM

    andSYM      skift, og gå til tilstand 294
    andthenSYM  skift, og gå til tilstand 295
    divideSYM   skift, og gå til tilstand 296
    divSYM      skift, og gå til tilstand 297
    eorSYM      skift, og gå til tilstand 298
    eqlSYM      skift, og gå til tilstand 299
    geqSYM      skift, og gå til tilstand 300
    gtrSYM      skift, og gå til tilstand 301
    leqSYM      skift, og gå til tilstand 302
    lssSYM      skift, og gå til tilstand 303
    minusSYM    skift, og gå til tilstand 304
    modSYM      skift, og gå til tilstand 305
    neqSYM      skift, og gå til tilstand 306
    orSYM       skift, og gå til tilstand 307
    orthenSYM   skift, og gå til tilstand 308
    plusSYM     skift, og gå til tilstand 309
    powerSYM    skift, og gå til tilstand 310
    rparenSYM   skift, og gå til tilstand 552
    timesSYM    skift, og gå til tilstand 311


Tilstand 537

  114 dim_ension_list: dim_ension_list commaSYM dim_ension •

    $default  reducer med regel 114 (dim_ension_list)


Tilstand 538

  118 dim_ension: numexp becminusSYM numexp •

    $default  reducer med regel 118 (dim_ension)


Tilstand 539

  117 dim_ension: numexp colonSYM numexp •

    $default  reducer med regel 117 (dim_ension)


Tilstand 540

  128 for_stat: forSYM numlvalue assign1 numexp todownto numexp • optstep optdo optsimple_stat

    stepSYM  skift, og gå til tilstand 553

    $default  reducer med regel 132 (optstep)

    optstep  gå til tilstand 554


Tilstand 541

  323 parmlist: parmlist commaSYM parmitem •

    $default  reducer med regel 323 (parmlist)


Tilstand 542

  318 opt_external: dynamicSYM externalSYM • stringexp

    lparenSYM    skift, og gå til tilstand 156
    syssSYM      skift, og gå til tilstand 133
    rsSYM        skift, og gå til tilstand 135
    tnrsSYM      skift, og gå til tilstand 137
    tonrsSYM     skift, og gå til tilstand 139
    tsrsSYM      skift, og gå til tilstand 140
    tsrsnSYM     skift, og gå til tilstand 141
    stringidSYM  skift, og gå til tilstand 64
    stringSYM    skift, og gå til tilstand 146

    stringexp      gå til tilstand 555
    stringexp2     gå til tilstand 158
    string_factor  gå til tilstand 153
    strlvalue2     gå til tilstand 155


Tilstand 543

  317 opt_external: externalSYM stringexp •

    $default  reducer med regel 317 (opt_external)


Tilstand 544

  319 opt_external: staticSYM externalSYM • stringexp

    lparenSYM    skift, og gå til tilstand 156
    syssSYM      skift, og gå til tilstand 133
    rsSYM        skift, og gå til tilstand 135
    tnrsSYM      skift, og gå til tilstand 137
    tonrsSYM     skift, og gå til tilstand 139
    tsrsSYM      skift, og gå til tilstand 140
    tsrsnSYM     skift, og gå til tilstand 141
    stringidSYM  skift, og gå til tilstand 64
    stringSYM    skift, og gå til tilstand 146

    stringexp      gå til tilstand 556
    stringexp2     gå til tilstand 158
    string_factor  gå til tilstand 153
    strlvalue2     gå til tilstand 155


Tilstand 545

  314 io_designator: fileSYM numexp commaSYM numexp colonSYM •

    $default  reducer med regel 314 (io_designator)


Tilstand 546

  316 io_designator: queueSYM numexp commaSYM numexp colonSYM •

    $default  reducer med regel 316 (io_designator)


Tilstand 547

  143 open_stat: openSYM fileSYM numexp commaSYM stringexp commaSYM • open_type

    appendSYM  skift, og gå til tilstand 557
    randomSYM  skift, og gå til tilstand 558
    readSYM    skift, og gå til tilstand 559
    writeSYM   skift, og gå til tilstand 560

    open_type  gå til tilstand 561


Tilstand 548

  144 open_stat: openSYM queueSYM numexp commaSYM stringexp commaSYM • queue_type

    readSYM   skift, og gå til tilstand 562
    writeSYM  skift, og gå til tilstand 563

    queue_type  gå til tilstand 564


Tilstand 549

  312 file_designator: fileSYM numexp commaSYM numexp colonSYM •

    $default  reducer med regel 312 (file_designator)


Tilstand 550

  158 prnum_list: prnum_list pr_sep • numexp
  164 optpr_sep: pr_sep •

    lparenSYM    skift, og gå til tilstand 128
    minusSYM     skift, og gå til tilstand 129
    plusSYM      skift, og gå til tilstand 130
    rndSYM       skift, og gå til tilstand 131
    sysSYM       skift, og gå til tilstand 132
    syssSYM      skift, og gå til tilstand 133
    rnSYM        skift, og gå til tilstand 134
    rsSYM        skift, og gå til tilstand 135
    tnrnSYM      skift, og gå til tilstand 136
    tnrsSYM      skift, og gå til tilstand 137
    tsrnSYM      skift, og gå til tilstand 138
    tonrsSYM     skift, og gå til tilstand 139
    tsrsSYM      skift, og gå til tilstand 140
    tsrsnSYM     skift, og gå til tilstand 141
    lenSYM       skift, og gå til tilstand 142
    floatnumSYM  skift, og gå til tilstand 143
    idSYM        skift, og gå til tilstand 144
    intidSYM     skift, og gå til tilstand 63
    stringidSYM  skift, og gå til tilstand 64
    intnumSYM    skift, og gå til tilstand 145
    stringSYM    skift, og gå til tilstand 146

    $default  reducer med regel 164 (optpr_sep)

    xid            gå til tilstand 147
    numexp         gå til tilstand 565
    numexp2        gå til tilstand 150
    stringexp2     gå til tilstand 163
    string_factor  gå til tilstand 153
    numlvalue2     gå til tilstand 154
    strlvalue2     gå til tilstand 155


Tilstand 551

  154 print_stat: printi usingSYM stringexp colonSYM prnum_list optpr_sep •

    $default  reducer med regel 154 (print_stat)


Tilstand 552

  256 numexp2: rndSYM lparenSYM numexp2 commaSYM numexp2 rparenSYM •

    $default  reducer med regel 256 (numexp2)


Tilstand 553

  131 optstep: stepSYM • numexp

    lparenSYM    skift, og gå til tilstand 128
    minusSYM     skift, og gå til tilstand 129
    plusSYM      skift, og gå til tilstand 130
    rndSYM       skift, og gå til tilstand 131
    sysSYM       skift, og gå til tilstand 132
    syssSYM      skift, og gå til tilstand 133
    rnSYM        skift, og gå til tilstand 134
    rsSYM        skift, og gå til tilstand 135
    tnrnSYM      skift, og gå til tilstand 136
    tnrsSYM      skift, og gå til tilstand 137
    tsrnSYM      skift, og gå til tilstand 138
    tonrsSYM     skift, og gå til tilstand 139
    tsrsSYM      skift, og gå til tilstand 140
    tsrsnSYM     skift, og gå til tilstand 141
    lenSYM       skift, og gå til tilstand 142
    floatnumSYM  skift, og gå til tilstand 143
    idSYM        skift, og gå til tilstand 144
    intidSYM     skift, og gå til tilstand 63
    stringidSYM  skift, og gå til tilstand 64
    intnumSYM    skift, og gå til tilstand 145
    stringSYM    skift, og gå til tilstand 146

    xid            gå til tilstand 147
    numexp         gå til tilstand 566
    numexp2        gå til tilstand 150
    stringexp2     gå til tilstand 163
    string_factor  gå til tilstand 153
    numlvalue2     gå til tilstand 154
    strlvalue2     gå til tilstand 155


Tilstand 554

  128 for_stat: forSYM numlvalue assign1 numexp todownto numexp optstep • optdo optsimple_stat

    doSYM  skift, og gå til tilstand 370

    $default  reducer med regel 345 (optdo)

    optdo  gå til tilstand 567


Tilstand 555

  318 opt_external: dynamicSYM externalSYM stringexp •

    $default  reducer med regel 318 (opt_external)


Tilstand 556

  319 opt_external: staticSYM externalSYM stringexp •

    $default  reducer med regel 319 (opt_external)


Tilstand 557

  147 open_type: appendSYM •

    $default  reducer med regel 147 (open_type)


Tilstand 558

  148 open_type: randomSYM • numexp optread_only

    lparenSYM    skift, og gå til tilstand 128
    minusSYM     skift, og gå til tilstand 129
    plusSYM      skift, og gå til tilstand 130
    rndSYM       skift, og gå til tilstand 131
    sysSYM       skift, og gå til tilstand 132
    syssSYM      skift, og gå til tilstand 133
    rnSYM        skift, og gå til tilstand 134
    rsSYM        skift, og gå til tilstand 135
    tnrnSYM      skift, og gå til tilstand 136
    tnrsSYM      skift, og gå til tilstand 137
    tsrnSYM      skift, og gå til tilstand 138
    tonrsSYM     skift, og gå til tilstand 139
    tsrsSYM      skift, og gå til tilstand 140
    tsrsnSYM     skift, og gå til tilstand 141
    lenSYM       skift, og gå til tilstand 142
    floatnumSYM  skift, og gå til tilstand 143
    idSYM        skift, og gå til tilstand 144
    intidSYM     skift, og gå til tilstand 63
    stringidSYM  skift, og gå til tilstand 64
    intnumSYM    skift, og gå til tilstand 145
    stringSYM    skift, og gå til tilstand 146

    xid            gå til tilstand 147
    numexp         gå til tilstand 568
    numexp2        gå til tilstand 150
    stringexp2     gå til tilstand 163
    string_factor  gå til tilstand 153
    numlvalue2     gå til tilstand 154
    strlvalue2     gå til tilstand 155


Tilstand 559

  145 open_type: readSYM •

    $default  reducer med regel 145 (open_type)


Tilstand 560

  146 open_type: writeSYM •

    $default  reducer med regel 146 (open_type)


Tilstand 561

  143 open_stat: openSYM fileSYM numexp commaSYM stringexp commaSYM open_type •

    $default  reducer med regel 143 (open_stat)


Tilstand 562

  149 queue_type: readSYM •

    $default  reducer med regel 149 (queue_type)


Tilstand 563

  150 queue_type: writeSYM •

    $default  reducer med regel 150 (queue_type)


Tilstand 564

  144 open_stat: openSYM queueSYM numexp commaSYM stringexp commaSYM queue_type •

    $default  reducer med regel 144 (open_stat)


Tilstand 565

  158 prnum_list: prnum_list pr_sep numexp •

    $default  reducer med regel 158 (prnum_list)


Tilstand 566

  131 optstep: stepSYM numexp •

    $default  reducer med regel 131 (optstep)


Tilstand 567

  128 for_stat: forSYM numlvalue assign1 numexp todownto numexp optstep optdo • optsimple_stat

    chdirSYM          skift, og gå til tilstand 3
    closeSYM          skift, og gå til tilstand 4
    cursorSYM         skift, og gå til tilstand 5
    delSYM            skift, og gå til tilstand 7
    dimSYM            skift, og gå til tilstand 8
    dirSYM            skift, og gå til tilstand 9
    playSYM           skift, og gå til tilstand 11
    toneSYM           skift, og gå til tilstand 12
    sleepSYM          skift, og gå til tilstand 13
    endSYM            skift, og gå til tilstand 22
    execSYM           skift, og gå til tilstand 25
    exitSYM           skift, og gå til tilstand 215
    importSYM         skift, og gå til tilstand 31
    inputSYM          skift, og gå til tilstand 32
    localSYM          skift, og gå til tilstand 33
    mkdirSYM          skift, og gå til tilstand 35
    nullSYM           skift, og gå til tilstand 36
    openSYM           skift, og gå til tilstand 37
    osSYM             skift, og gå til tilstand 38
    pageSYM           skift, og gå til tilstand 40
    printSYM          skift, og gå til tilstand 41
    readSYM           skift, og gå til tilstand 43
    restoreSYM        skift, og gå til tilstand 45
    retrySYM          skift, og gå til tilstand 46
    returnSYM         skift, og gå til tilstand 47
    rmdirSYM          skift, og gå til tilstand 48
    select_inputSYM   skift, og gå til tilstand 49
    select_outputSYM  skift, og gå til tilstand 50
    semicolonSYM      skift, og gå til tilstand 51
    stopSYM           skift, og gå til tilstand 52
    spawnSYM          skift, og gå til tilstand 53
    waitSYM           skift, og gå til tilstand 54
    sysSYM            skift, og gå til tilstand 55
    trapSYM           skift, og gå til tilstand 216
    unitSYM           skift, og gå til tilstand 57
    writeSYM          skift, og gå til tilstand 61
    idSYM             skift, og gå til tilstand 144
    intidSYM          skift, og gå til tilstand 63
    stringidSYM       skift, og gå til tilstand 64

    $default  reducer med regel 341 (optsimple_stat)

    simple_stat      gå til tilstand 454
    simple_1word     gå til tilstand 73
    close_stat       gå til tilstand 75
    cursor_stat      gå til tilstand 76
    chdir_stat       gå til tilstand 77
    rmdir_stat       gå til tilstand 78
    mkdir_stat       gå til tilstand 79
    tone_stat        gå til tilstand 82
    play_stat        gå til tilstand 83
    sleep_stat       gå til tilstand 84
    del_stat         gå til tilstand 85
    dir_stat         gå til tilstand 86
    unit_stat        gå til tilstand 87
    local_stat       gå til tilstand 88
    dim_stat         gå til tilstand 89
    exec_stat        gå til tilstand 92
    spawn_stat       gå til tilstand 93
    wait_stat        gå til tilstand 94
    import_stat      gå til tilstand 98
    input_stat       gå til tilstand 99
    open_stat        gå til tilstand 100
    os_stat          gå til tilstand 101
    print_stat       gå til tilstand 102
    printi           gå til tilstand 103
    read_stat        gå til tilstand 105
    restore_stat     gå til tilstand 106
    return_stat      gå til tilstand 107
    select_out_stat  gå til tilstand 108
    select_in_stat   gå til tilstand 109
    stop_stat        gå til tilstand 110
    sys_stat         gå til tilstand 111
    trap_stat        gå til tilstand 113
    write_stat       gå til tilstand 117
    assign_stat      gå til tilstand 118
    assign_list      gå til tilstand 119
    assign_item      gå til tilstand 120
    xid              gå til tilstand 122
    numlvalue        gå til tilstand 123
    numlvalue2       gå til tilstand 124
    strlvalue        gå til tilstand 125
    strlvalue2       gå til tilstand 126
    optsimple_stat   gå til tilstand 569


Tilstand 568

  148 open_type: randomSYM numexp • optread_only

    read_onlySYM  skift, og gå til tilstand 570

    $default  reducer med regel 349 (optread_only)

    optread_only  gå til tilstand 571


Tilstand 569

  128 for_stat: forSYM numlvalue assign1 numexp todownto numexp optstep optdo optsimple_stat •

    $default  reducer med regel 128 (for_stat)


Tilstand 570

  348 optread_only: read_onlySYM •

    $default  reducer med regel 348 (optread_only)


Tilstand 571

  148 open_type: randomSYM numexp optread_only •

    $default  reducer med regel 148 (open_type)
